order_id,order_date,product_id,store_id,customer_id,quantity,unit_price,discount,revenue,cost,profit
0RD00433140,2024-04-11,P0054,S072,C025073,5,5.03,0.15,21.38,11.0,10.37
0RD00348688,2024-07-10,P0131,S021,C017554,4,6.55,0.0,26.2,17.44,8.76
0RD00388538,2023-12-30,P0034,S024,C013302,1,4.19,0.1,3.77,2.37,1.4
0RD00583679,2023-10-31,P0074,S021,C001092,4,4.29,0.0,17.16,8.61,8.55
0RD00287079,2024-08-25,P0195,S045,C048320,1,13.76,0.0,13.76,7.46,6.3
0RD00604749,2024-12-09,P0021,S066,C000401,4,6.78,0.0,27.12,15.81,11.31
0RD00103033,2023-06-13,P0078,S058,C004495,2,13.37,0.0,26.74,16.57,10.17
0RD00084041,2023-04-15,P0194,S014,C031199,3,7.98,0.0,23.94,12.98,10.96
0RD00230515,2024-09-23,P0182,S044,C043449,2,4.07,0.1,7.33,3.94,3.39
0RD00729692,2023-08-18,P0133,S047,C001369,5,13.09,0.1,58.91,35.26,23.64
0RD00452737,2023-05-11,P0067,S055,C037818,2,7.56,0.0,15.12,10.48,4.64
0RD00535919,2023-02-24,P0052,S011,C015867,4,3.96,0.0,15.84,10.63,5.21
0RD00902693,2023-03-13,P0138,S075,C030465,3,7.45,0.0,22.35,12.24,10.11
0RD00858727,2023-07-17,P0184,S093,C044318,3,14.66,0.0,43.98,28.69,15.29
0RD00641168,2023-03-06,P0090,S004,C020494,2,10.4,0.15,17.68,10.17,7.51
0RD00568632,2023-10-13,P0110,S058,C026176,5,5.83,0.0,29.15,15.87,13.28
0RD00139078,2023-09-26,P0167,S042,C009759,3,13.3,0.0,39.9,27.65,12.25
0RD00734110,2024-07-09,P0065,S054,C026469,4,8.77,0.0,35.08,24.25,10.83
0RD00863364,2023-06-27,P0122,S022,C006039,1,13.65,0.15,11.6,7.27,4.33
0RD00137428,2024-10-06,P0134,S096,C024972,4,12.24,0.1,44.06,30.5,13.56
0RD00930538,2023-02-03,P0166,S066,C022196,3,14.76,0.0,44.28,28.53,15.75
0RD00322027,2024-01-20,P0166,S035,C023185,1,14.14,0.0,14.14,9.82,4.32
0RD00932500,2023-09-27,P0109,S019,C038899,2,14.82,0.0,29.64,20.64,9.0
0RD00383554,2024-08-13,P0073,S029,C031310,2,8.88,0.0,17.76,9.85,7.91
0RD00458585,2024-09-04,P0009,S003,C045036,1,12.52,0.0,12.52,7.77,4.75
0RD00986689,2023-07-12,P0142,S008,C037807,2,4.87,0.0,9.74,5.11,4.63
0RD00877684,2024-04-11,P0151,S091,C001559,5,8.74,0.0,43.7,28.42,15.28
0RD00084511,2024-06-14,P0149,S079,C044576,1,8.23,0.0,8.23,5.13,3.1
0RD00337791,2023-03-01,P0011,S053,C048636,4,6.23,0.0,24.92,12.69,12.23
0RD00469339,2023-03-07,P0001,S016,C003102,5,12.03,0.2,48.12,27.18,20.94
0RD00953368,2024-08-04,P0156,S095,C015717,1,14.39,0.15,12.23,8.07,4.16
0RD00799475,2023-01-26,P0040,S091,C024581,5,5.6,0.1,25.2,13.63,11.57
0RD00757241,2024-10-26,P0196,S089,C037920,2,7.45,0.0,14.9,9.15,5.75
0RD00866077,2024-11-12,P0032,S052,C027643,3,6.69,0.2,16.06,8.86,7.19
0RD00515555,2024-02-26,P0009,S015,C011331,1,10.13,0.0,10.13,5.41,4.72
0RD00454929,2024-05-31,P0071,S068,C048892,5,8.36,0.2,33.44,19.23,14.21
0RD00838741,2024-08-31,P0195,S060,C006967,2,12.09,0.0,24.18,12.3,11.88
0RD00086849,2023-11-14,P0124,S033,C043934,2,6.53,0.0,13.06,7.12,5.94
0RD00808827,2024-02-19,P0051,S032,C014319,3,11.02,0.0,33.06,16.92,16.14
0RD00818410,2024-10-31,P0064,S085,C012861,4,13.33,0.0,53.32,36.3,17.02
0RD00659434,2024-06-22,P0148,S009,C021147,5,12.97,0.1,58.37,38.38,19.98
0RD00488492,2023-01-18,P0104,S093,C017701,4,5.38,0.2,17.22,11.23,5.98
0RD00679101,2023-05-30,P0046,S096,C012402,1,7.67,0.0,7.67,5.22,2.45
0RD00583671,2024-09-01,P0040,S070,C033981,4,3.44,0.1,12.38,7.0,5.39
0RD00481654,2024-01-20,P0145,S074,C009042,3,11.24,0.0,33.72,19.09,14.63
0RD00079200,2024-07-22,P0150,S052,C022687,1,8.92,0.0,8.92,6.06,2.86
0RD00507802,2023-04-09,P0136,S050,C010958,5,11.68,0.0,58.4,35.3,23.1
0RD00925701,2023-07-27,P0169,S086,C044655,4,5.88,0.1,21.17,11.12,10.05
0RD00211093,2023-11-29,P0059,S045,C048842,3,6.08,0.2,14.59,8.17,6.42
0RD00670954,2023-05-21,P0150,S065,C025751,3,11.59,0.0,34.77,23.02,11.75
0RD00776882,2024-02-04,P0046,S067,C013718,5,7.14,0.0,35.7,24.1,11.6
0RD00423944,2024-11-30,P0191,S030,C010706,5,12.43,0.0,62.15,37.82,24.33
0RD00819686,2024-06-26,P0051,S039,C027612,1,5.03,0.2,4.02,2.37,1.65
0RD00886184,2024-08-15,P0033,S025,C045144,3,11.49,0.0,34.47,22.98,11.49
0RD00380660,2023-04-19,P0116,S065,C045480,2,13.69,0.0,27.38,18.83,8.55
0RD00566526,2024-05-12,P0147,S020,C030482,3,4.69,0.2,11.26,6.23,5.03
0RD00247736,2024-05-30,P0155,S068,C047253,1,10.17,0.15,8.64,5.9,2.75
0RD00704362,2023-07-19,P0084,S051,C018189,5,14.4,0.0,72.0,47.05,24.95
0RD00330249,2023-09-01,P0163,S007,C022464,2,4.19,0.0,8.38,4.3,4.08
0RD00501987,2023-11-04,P0047,S022,C022123,2,6.86,0.0,13.72,7.72,6.0
0RD00282685,2023-01-19,P0009,S024,C041192,2,8.12,0.0,16.24,10.99,5.25
0RD00972258,2023-01-09,P0175,S020,C015951,5,8.59,0.0,42.95,27.2,15.75
0RD00369050,2024-01-02,P0135,S015,C033574,1,14.09,0.15,11.98,6.99,4.99
0RD00815690,2023-08-23,P0000,S080,C035721,3,10.04,0.0,30.12,15.3,14.82
0RD00279522,2023-04-09,P0138,S063,C027149,4,13.63,0.0,54.52,33.22,21.3
0RD00897737,2024-05-07,P0124,S074,C019475,2,5.28,0.2,8.45,5.34,3.11
0RD00227094,2023-04-18,P0070,S067,C010995,4,9.03,0.2,28.9,19.2,9.7
0RD00114300,2024-03-20,P0101,S027,C012833,5,14.18,0.0,70.9,38.65,32.25
0RD00386342,2024-01-21,P0025,S043,C014161,1,14.28,0.1,12.85,8.27,4.58
0RD00422357,2023-04-26,P0008,S056,C022848,4,14.64,0.0,58.56,40.32,18.24
0RD00536342,2024-10-22,P0080,S030,C047503,2,3.78,0.0,7.56,5.29,2.27
0RD00059850,2023-05-28,P0031,S071,C043498,2,7.6,0.0,15.2,8.75,6.45
0RD00007206,2023-05-11,P0111,S022,C014836,4,7.15,0.0,28.6,16.04,12.56
0RD00220099,2023-07-05,P0000,S043,C004589,3,12.84,0.15,32.74,22.2,10.54
0RD00759131,2024-08-10,P0049,S065,C048306,1,11.57,0.0,11.57,7.58,3.99
0RD00084370,2023-01-08,P0080,S016,C032090,3,5.79,0.0,17.37,10.26,7.11
0RD00144921,2024-05-26,P0152,S037,C000261,4,11.48,0.2,36.74,18.44,18.3
0RD00584366,2024-01-04,P0050,S091,C002762,2,12.35,0.2,19.76,13.5,6.26
0RD00733366,2024-08-11,P0198,S081,C011388,1,12.89,0.15,10.96,6.72,4.24
0RD00141304,2024-08-16,P0125,S048,C023928,3,8.42,0.2,20.21,13.56,6.65
0RD00571947,2024-10-27,P0142,S096,C038918,1,9.21,0.0,9.21,5.78,3.43
0RD00261820,2024-09-17,P0101,S062,C009574,4,8.41,0.0,33.64,21.33,12.31
0RD00582045,2024-02-17,P0029,S081,C023955,5,8.1,0.0,40.5,20.29,20.21
0RD00322183,2024-08-17,P0129,S088,C023285,2,7.59,0.0,15.18,8.13,7.05
0RD00550156,2023-08-05,P0170,S060,C031050,4,12.22,0.0,48.88,24.72,24.16
0RD00584459,2023-02-18,P0062,S031,C035946,3,8.15,0.15,20.78,12.17,8.62
0RD00355390,2023-11-10,P0197,S046,C007447,5,9.78,0.0,48.9,30.2,18.7
0RD00081050,2023-06-23,P0000,S079,C023848,3,12.5,0.0,37.5,21.46,16.04
0RD00502558,2023-01-20,P0113,S061,C038088,5,13.95,0.1,62.77,41.85,20.92
0RD00995730,2023-10-04,P0096,S003,C036815,3,8.92,0.1,24.08,15.05,9.04
0RD00332818,2024-01-25,P0044,S079,C042031,1,11.56,0.15,9.83,6.45,3.38
0RD00588203,2023-01-31,P0026,S057,C001766,5,8.7,0.0,43.5,29.39,14.11
0RD00681194,2024-03-16,P0056,S029,C043340,3,13.18,0.15,33.61,21.33,12.28
0RD00429777,2023-04-27,P0101,S077,C007135,5,8.49,0.0,42.45,23.99,18.46
0RD00568900,2024-03-26,P0116,S082,C034821,4,5.33,0.0,21.32,11.7,9.62
0RD00301557,2024-08-18,P0051,S030,C022429,4,11.43,0.0,45.72,31.92,13.8
0RD00898456,2024-05-22,P0030,S089,C044654,5,10.49,0.0,52.45,32.13,20.32
0RD00350177,2023-06-03,P0000,S058,C043303,3,13.15,0.2,31.56,21.94,9.62
0RD00701916,2023-04-01,P0124,S009,C007168,3,13.23,0.15,33.74,18.97,14.77
0RD00215189,2023-02-12,P0158,S043,C022391,4,11.19,0.15,38.05,25.03,13.01
0RD00070925,2023-10-19,P0064,S017,C004305,4,7.72,0.0,30.88,16.5,14.38
0RD00288069,2023-12-08,P0081,S077,C048640,5,11.39,0.0,56.95,29.79,27.16
0RD00953987,2024-07-03,P0143,S036,C001684,3,11.63,0.0,34.89,24.35,10.54
0RD00507893,2023-10-29,P0007,S067,C000108,5,3.54,0.0,17.7,9.55,8.15
0RD00401997,2023-04-11,P0038,S065,C048433,5,10.29,0.0,51.45,30.85,20.6
0RD00436365,2023-11-06,P0078,S053,C020156,3,13.88,0.0,41.64,27.82,13.82
0RD00404785,2023-11-12,P0173,S061,C019738,1,9.82,0.1,8.84,4.77,4.07
0RD00560909,2024-01-29,P0154,S009,C044317,2,6.77,0.1,12.19,7.45,4.74
0RD00688817,2024-06-25,P0080,S061,C007762,5,13.66,0.1,61.47,35.79,25.68
0RD00009468,2023-07-12,P0005,S054,C042844,1,6.99,0.0,6.99,4.73,2.26
0RD00767630,2023-07-21,P0173,S004,C044937,1,11.41,0.2,9.13,5.45,3.68
0RD00877427,2023-01-08,P0129,S003,C027540,5,7.87,0.0,39.35,21.18,18.17
0RD00844872,2023-02-20,P0026,S040,C021443,3,12.61,0.0,37.83,23.68,14.15
0RD00308636,2024-12-13,P0166,S068,C005331,2,8.38,0.0,16.76,11.59,5.17
0RD00388127,2024-08-27,P0200,S026,C014249,2,8.42,0.0,16.84,10.06,6.78
0RD00550544,2024-07-14,P0146,S042,C028345,3,9.81,0.0,29.43,17.26,12.17
0RD00888216,2023-01-20,P0166,S018,C036996,3,6.22,0.1,16.79,10.13,6.66
0RD00963240,2024-09-02,P0028,S005,C048037,1,12.38,0.0,12.38,6.2,6.18
0RD00635174,2023-04-03,P0169,S093,C046668,1,4.08,0.2,3.26,1.74,1.52
0RD00437864,2024-07-14,P0037,S046,C010324,5,3.96,0.15,16.83,10.01,6.82
0RD00899267,2024-11-26,P0072,S085,C043700,4,3.76,0.15,12.78,7.59,5.19
0RD00538304,2023-02-25,P0152,S007,C048800,3,8.62,0.0,25.86,13.09,12.77
0RD00238753,2024-03-30,P0147,S040,C048035,3,9.35,0.15,23.84,12.96,10.88
0RD00351068,2023-06-24,P0018,S034,C033372,5,11.87,0.2,47.48,30.81,16.67
0RD00576081,2023-09-20,P0176,S091,C005209,1,11.04,0.0,11.04,5.53,5.51
0RD00792774,2023-08-17,P0087,S046,C020054,3,8.49,0.15,21.65,14.33,7.32
0RD00820792,2023-07-26,P0012,S081,C014857,5,5.77,0.0,28.85,17.71,11.14
0RD00526608,2024-02-15,P0098,S090,C045916,5,13.37,0.1,60.16,37.81,22.36
0RD00393404,2023-08-31,P0080,S083,C039554,5,6.27,0.0,31.35,21.57,9.78
0RD00231529,2023-02-06,P0096,S003,C036213,1,7.76,0.0,7.76,4.33,3.43
0RD00209942,2024-05-17,P0200,S038,C015488,3,8.83,0.0,26.49,13.64,12.85
0RD00535077,2023-01-02,P0171,S099,C031453,4,11.58,0.15,39.37,25.11,14.26
0RD00351756,2024-05-26,P0069,S047,C040380,4,5.6,0.2,17.92,9.16,8.76
0RD00010513,2023-02-06,P0131,S026,C039757,2,10.5,0.0,21.0,12.02,8.98
0RD00416860,2024-02-23,P0191,S080,C032348,3,13.19,0.1,35.61,18.49,17.12
0RD00501999,2023-10-17,P0070,S065,C010633,5,9.66,0.0,48.3,33.02,15.28
0RD00450165,2023-05-26,P0100,S083,C001745,1,13.69,0.0,13.69,7.3,6.39
0RD00509678,2024-04-26,P0145,S068,C025711,3,11.28,0.0,33.84,18.81,15.03
0RD00277648,2024-05-16,P0016,S006,C001326,5,13.66,0.15,58.05,37.03,21.02
0RD00541290,2023-05-19,P0121,S097,C048091,2,10.59,0.0,21.18,11.17,10.01
0RD00960829,2024-08-05,P0138,S008,C040126,1,5.37,0.2,4.3,2.84,1.46
0RD00230646,2023-08-26,P0152,S055,C022195,3,11.0,0.0,33.0,18.55,14.45
0RD00179829,2023-08-30,P0006,S080,C030997,1,4.12,0.0,4.12,2.57,1.55
0RD00908158,2023-12-29,P0038,S036,C025566,3,13.72,0.0,41.16,21.78,19.38
0RD00380655,2024-03-22,P0180,S068,C002127,3,7.54,0.0,22.62,14.95,7.67
0RD00678493,2024-03-01,P0116,S081,C010006,3,5.29,0.2,12.7,7.15,5.54
0RD00654302,2023-04-01,P0032,S046,C020991,2,7.91,0.0,15.82,8.4,7.42
0RD00198630,2023-01-06,P0147,S021,C013141,3,6.08,0.1,16.42,9.27,7.15
0RD00227967,2023-12-16,P0006,S018,C048518,3,12.97,0.1,35.02,21.76,13.26
0RD00989011,2023-11-07,P0194,S098,C040772,4,3.16,0.0,12.64,8.37,4.27
0RD00442994,2024-02-04,P0143,S027,C022559,1,3.86,0.1,3.47,1.94,1.54
0RD00576509,2023-05-13,P0049,S049,C034410,5,10.8,0.0,54.0,37.74,16.26
0RD00837828,2024-09-03,P0055,S034,C039001,3,14.11,0.0,42.33,21.23,21.1
0RD00581471,2023-08-22,P0121,S074,C003844,1,7.17,0.0,7.17,4.11,3.06
0RD00045697,2024-12-30,P0169,S029,C035345,5,6.35,0.0,31.75,17.82,13.93
0RD00937343,2023-07-16,P0072,S076,C032179,3,13.4,0.0,40.2,22.12,18.08
0RD00750284,2023-04-12,P0044,S079,C001326,1,5.78,0.15,4.91,3.4,1.51
0RD00964701,2023-10-17,P0085,S068,C036379,1,11.43,0.0,11.43,6.68,4.75
0RD00855442,2023-04-15,P0069,S038,C011630,3,11.86,0.0,35.58,22.15,13.43
0RD00461899,2024-06-17,P0080,S047,C016209,4,11.9,0.0,47.6,23.86,23.74
0RD00175112,2024-04-01,P0103,S043,C045006,3,5.84,0.0,17.52,10.47,7.05
0RD00987762,2024-10-28,P0130,S024,C011615,4,6.55,0.0,26.2,16.02,10.18
0RD00090562,2024-01-18,P0136,S013,C004088,5,4.97,0.0,24.85,14.21,10.64
0RD00245985,2023-06-05,P0012,S007,C041859,1,5.14,0.0,5.14,2.84,2.3
0RD00253189,2023-12-02,P0059,S097,C033734,1,10.02,0.0,10.02,6.17,3.85
0RD00444646,2024-01-19,P0039,S057,C019893,4,10.45,0.1,37.62,25.9,11.72
0RD00814984,2023-12-11,P0188,S056,C022107,2,5.33,0.0,10.66,6.67,3.99
0RD00659465,2024-01-18,P0102,S038,C026024,3,8.8,0.2,21.12,11.01,10.11
0RD00683797,2023-09-29,P0153,S061,C033244,1,10.63,0.1,9.57,5.31,4.26
0RD00927614,2023-04-04,P0147,S012,C022796,1,12.77,0.2,10.22,6.04,4.18
0RD00161351,2024-03-12,P0056,S041,C019938,4,14.57,0.2,46.62,23.92,22.7
0RD00126973,2023-08-03,P0029,S092,C005826,2,13.46,0.0,26.92,15.74,11.18
0RD00601527,2023-01-25,P0013,S021,C020317,3,8.83,0.0,26.49,15.58,10.91
0RD00235766,2024-10-28,P0040,S035,C037117,2,13.76,0.15,23.39,13.26,10.14
0RD00996683,2024-11-14,P0027,S042,C012065,3,7.47,0.0,22.41,11.92,10.49
0RD00535304,2023-02-28,P0084,S077,C023760,5,10.68,0.2,42.72,29.22,13.5
0RD00521842,2023-09-18,P0011,S031,C012570,5,3.25,0.0,16.25,9.7,6.55
0RD00167591,2023-09-19,P0069,S021,C010903,3,5.21,0.0,15.63,9.49,6.14
0RD00307583,2023-09-25,P0060,S068,C020605,2,4.97,0.0,9.94,5.99,3.95
0RD00801499,2024-02-27,P0163,S043,C004390,3,14.15,0.0,42.45,26.26,16.19
0RD00670024,2024-04-12,P0164,S095,C036937,3,9.76,0.2,23.42,14.09,9.34
0RD00356068,2023-02-11,P0125,S057,C049239,1,12.72,0.0,12.72,8.04,4.68
0RD00425399,2024-06-15,P0068,S049,C027015,2,5.1,0.0,10.2,6.2,4.0
0RD00125505,2024-11-13,P0082,S030,C039191,1,12.58,0.0,12.58,8.26,4.32
0RD00418072,2024-04-04,P0121,S055,C021672,1,3.67,0.0,3.67,2.04,1.63
0RD00224741,2023-01-02,P0077,S035,C013981,4,14.59,0.0,58.36,34.8,23.56
0RD00824590,2024-03-16,P0062,S031,C023694,3,5.21,0.2,12.5,6.37,6.13
0RD00478505,2023-11-20,P0003,S019,C020999,5,4.67,0.0,23.35,15.78,7.57
0RD00599448,2023-07-31,P0186,S092,C020741,1,7.2,0.1,6.48,4.49,1.99
0RD00055557,2023-12-12,P0189,S069,C016285,5,7.7,0.0,38.5,21.57,16.93
0RD00589237,2023-06-08,P0035,S028,C004026,2,8.39,0.15,14.26,9.59,4.67
0RD00724927,2024-11-20,P0193,S004,C037464,2,7.65,0.15,13.01,8.37,4.63
0RD00720456,2023-04-05,P0112,S015,C020163,1,3.77,0.0,3.77,2.46,1.31
0RD00521992,2024-12-16,P0040,S053,C025934,1,4.46,0.0,4.46,2.64,1.82
0RD00286250,2024-12-25,P0090,S011,C018507,1,10.39,0.0,10.39,6.13,4.26
0RD00561542,2023-05-12,P0146,S031,C004654,5,8.67,0.0,43.35,25.08,18.27
0RD00264661,2024-01-27,P0201,S039,C023749,4,8.31,0.1,29.92,15.81,14.1
0RD00389996,2023-11-15,P0137,S045,C042614,2,10.48,0.0,20.96,14.47,6.49
0RD00735213,2024-06-06,P0035,S047,C033621,2,3.61,0.1,6.5,3.76,2.74
0RD00420720,2023-10-19,P0018,S032,C016682,2,3.52,0.15,5.98,3.55,2.44
0RD00737204,2023-08-12,P0121,S017,C021610,5,6.73,0.0,33.65,20.0,13.65
0RD00892984,2024-05-09,P0184,S016,C038149,5,14.77,0.0,73.85,48.6,25.25
0RD00611709,2024-03-03,P0070,S010,C036449,5,13.36,0.0,66.8,41.82,24.98
0RD00827549,2023-10-06,P0089,S057,C038733,1,3.86,0.0,3.86,2.28,1.58
0RD00848656,2024-10-06,P0090,S063,C017327,3,14.61,0.0,43.83,30.24,13.59
0RD00259982,2023-12-22,P0084,S098,C028367,2,4.58,0.0,9.16,5.03,4.13
0RD00553563,2024-05-06,P0108,S088,C006637,1,8.74,0.15,7.43,4.52,2.91
0RD00317761,2024-10-25,P0130,S063,C012664,3,7.9,0.0,23.7,13.36,10.34
0RD00693196,2024-11-15,P0194,S023,C015920,4,12.47,0.15,42.4,24.38,18.02
0RD00938001,2024-11-12,P0043,S001,C006144,4,6.79,0.1,24.44,13.18,11.27
0RD00229325,2023-07-14,P0158,S024,C013207,2,3.34,0.0,6.68,3.54,3.14
0RD00020457,2023-07-03,P0027,S052,C024587,2,5.96,0.15,10.13,6.67,3.46
0RD00696770,2023-12-05,P0108,S059,C027376,1,6.75,0.0,6.75,4.64,2.11
0RD00840840,2024-12-12,P0180,S002,C012263,1,5.62,0.0,5.62,2.82,2.8
0RD00828793,2023-10-24,P0186,S013,C005482,1,8.68,0.0,8.68,5.07,3.61
0RD00460314,2023-11-27,P0089,S051,C033194,4,14.95,0.15,50.83,28.24,22.59
0RD00034583,2023-07-15,P0187,S070,C013174,5,4.46,0.0,22.3,15.16,7.14
0RD00436867,2023-04-21,P0090,S087,C024735,2,3.94,0.2,6.3,4.2,2.11
0RD00680996,2024-04-19,P0116,S065,C032750,2,14.78,0.2,23.65,12.02,11.63
0RD00867247,2024-08-19,P0029,S013,C012292,4,14.55,0.2,46.56,25.37,21.19
0RD00156553,2024-08-01,P0145,S085,C028379,2,6.96,0.0,13.92,7.58,6.34
0RD00512257,2024-04-12,P0180,S026,C012966,2,12.24,0.0,24.48,14.44,10.04
0RD00783954,2024-05-08,P0172,S091,C013960,3,12.3,0.15,31.37,15.91,15.46
0RD00451144,2023-10-16,P0056,S079,C036145,4,5.16,0.0,20.64,12.89,7.75
0RD00938182,2023-07-07,P0059,S041,C047872,1,11.08,0.0,11.08,7.18,3.9
0RD00108903,2024-08-02,P0178,S096,C044816,3,4.08,0.1,11.02,6.13,4.89
0RD00945789,2024-01-21,P0086,S040,C007078,4,4.37,0.0,17.48,9.17,8.31
0RD00784828,2024-06-18,P0041,S048,C017188,5,14.52,0.0,72.6,49.29,23.31
0RD00038095,2024-12-25,P0053,S005,C030581,5,8.28,0.0,41.4,25.14,16.26
0RD00195165,2023-02-06,P0072,S025,C031030,5,9.3,0.0,46.5,25.13,21.37
0RD00104529,2023-10-31,P0082,S014,C002962,3,14.6,0.0,43.8,24.76,19.04
0RD00452262,2023-09-30,P0103,S058,C013639,4,10.07,0.0,40.28,27.29,12.99
0RD00803713,2024-08-13,P0172,S005,C024655,1,8.37,0.1,7.53,4.44,3.09
0RD00275440,2024-12-10,P0156,S026,C032877,2,12.72,0.15,21.62,11.56,10.07
0RD00607205,2024-05-07,P0158,S034,C029576,3,9.78,0.2,23.47,12.63,10.84
0RD00461582,2023-06-15,P0036,S079,C036142,2,7.83,0.0,15.66,9.64,6.02
0RD00804821,2024-03-13,P0100,S036,C034569,5,11.66,0.1,52.47,30.35,22.12
0RD00130466,2024-10-27,P0015,S071,C030357,2,4.5,0.0,9.0,5.26,3.74
0RD00447866,2024-11-29,P0176,S002,C025370,3,4.18,0.0,12.54,7.56,4.98
0RD00840356,2024-06-13,P0059,S083,C019143,3,11.37,0.0,34.11,18.9,15.21
0RD00354263,2023-02-27,P0199,S059,C014806,5,3.65,0.0,18.25,10.13,8.12
0RD00685526,2023-10-05,P0051,S068,C048030,1,5.47,0.15,4.65,3.18,1.47
0RD00312971,2023-05-19,P0090,S042,C014146,3,8.51,0.1,22.98,13.94,9.03
0RD00679043,2023-11-11,P0092,S030,C010311,4,5.28,0.2,16.9,9.26,7.64
0RD00000553,2023-04-16,P0128,S095,C028556,4,5.25,0.1,18.9,11.02,7.88
0RD00692963,2024-08-19,P0190,S071,C038659,5,12.54,0.1,56.43,38.8,17.63
0RD00985814,2023-07-14,P0125,S053,C028162,2,3.14,0.0,6.28,3.24,3.04
0RD00818652,2024-03-18,P0179,S034,C047314,4,6.48,0.0,25.92,17.67,8.25
0RD00993637,2023-11-12,P0094,S021,C044870,2,4.23,0.0,8.46,5.83,2.63
0RD00528915,2023-01-06,P0075,S045,C023445,1,3.8,0.15,3.23,2.0,1.23
0RD00539684,2024-01-29,P0187,S041,C018447,1,11.42,0.0,11.42,7.47,3.95
0RD00942044,2024-12-01,P0030,S012,C044817,5,3.84,0.0,19.2,11.36,7.84
0RD00274352,2023-05-28,P0147,S052,C005414,3,4.95,0.0,14.85,9.0,5.85
0RD00213566,2023-05-02,P0010,S038,C046523,3,14.06,0.0,42.18,25.31,16.87
0RD00918010,2023-08-10,P0075,S038,C020551,5,3.97,0.15,16.87,8.71,8.17
0RD00418790,2024-09-14,P0103,S076,C032699,5,11.44,0.0,57.2,37.16,20.04
0RD00555263,2024-10-10,P0065,S039,C013860,1,13.73,0.0,13.73,8.98,4.75
0RD00429687,2023-06-17,P0154,S041,C007422,3,12.48,0.15,31.82,15.99,15.84
0RD00656586,2023-04-02,P0103,S030,C011777,4,10.8,0.0,43.2,23.37,19.83
0RD00390296,2024-05-15,P0148,S062,C001776,2,12.11,0.0,24.22,16.63,7.59
0RD00960230,2024-07-04,P0072,S063,C018230,3,12.34,0.0,37.02,21.08,15.94
0RD00566220,2024-10-13,P0105,S076,C021342,2,9.77,0.0,19.54,11.66,7.88
0RD00341816,2023-12-13,P0137,S081,C047347,5,7.81,0.0,39.05,26.24,12.81
0RD00457899,2024-10-30,P0159,S082,C031995,2,10.5,0.1,18.9,10.29,8.61
0RD00704725,2023-03-04,P0017,S043,C025402,4,9.64,0.2,30.85,15.65,15.2
0RD00766010,2023-10-14,P0004,S087,C012312,4,11.48,0.0,45.92,28.18,17.74
0RD00645107,2023-08-15,P0185,S084,C024521,4,13.85,0.0,55.4,32.72,22.68
0RD00239402,2023-09-24,P0045,S010,C004011,2,14.79,0.0,29.58,19.88,9.7
0RD00492698,2024-05-01,P0094,S004,C039648,2,14.82,0.0,29.64,19.6,10.04
0RD00550329,2024-08-15,P0163,S030,C001027,2,10.41,0.0,20.82,12.07,8.75
0RD00656739,2023-04-02,P0043,S040,C007129,1,5.25,0.2,4.2,2.37,1.83
0RD00521053,2023-06-27,P0067,S026,C041406,5,10.48,0.0,52.4,31.0,21.4
0RD00813319,2023-02-10,P0058,S047,C019905,1,13.11,0.0,13.11,8.81,4.3
0RD00613551,2024-08-14,P0023,S060,C037467,5,13.85,0.0,69.25,40.97,28.28
0RD00237740,2024-11-20,P0063,S085,C005925,5,7.34,0.0,36.7,22.79,13.91
0RD00855184,2024-07-23,P0113,S067,C006418,2,13.39,0.0,26.78,15.07,11.71
0RD00924150,2023-12-06,P0034,S051,C024802,1,11.03,0.0,11.03,5.64,5.39
0RD00951895,2023-01-14,P0097,S054,C032666,3,8.51,0.0,25.53,15.19,10.34
0RD00829634,2024-12-01,P0182,S027,C039010,1,12.84,0.0,12.84,8.56,4.28
0RD00102454,2023-02-21,P0017,S047,C005493,4,9.06,0.0,36.24,23.82,12.42
0RD00632290,2024-01-04,P0151,S074,C042307,4,6.32,0.15,21.49,14.43,7.06
0RD00909605,2024-10-17,P0131,S037,C028656,2,13.6,0.0,27.2,17.41,9.79
0RD00586802,2023-05-01,P0093,S033,C035127,4,13.31,0.0,53.24,31.02,22.22
0RD00037091,2023-09-21,P0098,S052,C034261,2,11.93,0.0,23.86,13.72,10.14
0RD00673663,2023-01-14,P0016,S007,C038260,5,3.19,0.0,15.95,10.67,5.28
0RD00548019,2024-03-03,P0126,S028,C046478,4,3.49,0.0,13.96,9.28,4.68
0RD00681860,2024-12-07,P0089,S029,C012500,5,10.44,0.0,52.2,31.0,21.2
0RD00179491,2023-12-16,P0071,S072,C032346,4,12.3,0.1,44.28,30.46,13.82
0RD00023538,2023-07-27,P0200,S013,C042861,1,7.95,0.0,7.95,5.3,2.65
0RD00817849,2023-09-04,P0049,S066,C034925,4,11.42,0.15,38.83,23.92,14.91
0RD00540739,2024-01-24,P0144,S098,C022672,5,13.01,0.0,65.05,38.39,26.66
0RD00900984,2023-02-15,P0004,S026,C011524,3,4.32,0.0,12.96,8.92,4.04
0RD00557611,2023-04-15,P0112,S057,C048975,5,13.22,0.1,59.49,34.95,24.54
0RD00039688,2024-09-26,P0200,S085,C041073,3,9.6,0.15,24.48,12.6,11.88
0RD00326322,2023-12-23,P0150,S089,C006331,3,8.57,0.1,23.14,14.96,8.17
0RD00708108,2023-02-17,P0070,S082,C007604,3,14.39,0.15,36.69,21.8,14.9
0RD00478130,2024-06-10,P0127,S049,C026021,2,4.09,0.1,7.36,4.04,3.32
0RD00038227,2024-10-17,P0050,S066,C030835,2,11.56,0.2,18.5,12.67,5.82
0RD00542486,2024-09-13,P0136,S031,C015615,5,4.97,0.15,21.12,13.31,7.81
0RD00665034,2023-04-20,P0111,S015,C026980,5,11.11,0.2,44.44,29.6,14.84
0RD00767376,2023-03-19,P0087,S037,C025534,2,14.47,0.0,28.94,19.52,9.42
0RD00666100,2024-11-27,P0131,S036,C013059,5,5.55,0.0,27.75,14.95,12.8
0RD00757646,2024-04-14,P0085,S005,C042394,3,4.18,0.0,12.54,7.91,4.63
0RD00094655,2023-08-29,P0049,S090,C008918,5,8.63,0.0,43.15,27.65,15.5
0RD00177590,2023-03-25,P0087,S028,C037768,2,7.05,0.1,12.69,7.45,5.24
0RD00859261,2024-06-02,P0069,S085,C009384,5,4.99,0.0,24.95,12.82,12.13
0RD00255749,2023-10-04,P0189,S056,C041807,1,8.18,0.15,6.95,3.91,3.04
0RD00259701,2023-09-23,P0087,S060,C004369,5,11.87,0.0,59.35,39.44,19.91
0RD00531499,2023-12-20,P0018,S026,C044750,4,5.07,0.0,20.28,14.13,6.15
0RD00342439,2024-02-09,P0034,S040,C037858,1,5.07,0.1,4.56,2.34,2.22
0RD00463253,2023-10-21,P0147,S045,C046809,2,14.31,0.0,28.62,15.25,13.37
0RD00020684,2024-04-23,P0053,S059,C022563,1,7.94,0.15,6.75,3.69,3.06
0RD00782627,2023-01-04,P0160,S087,C044442,2,8.11,0.1,14.6,7.77,6.83
0RD00491472,2023-12-04,P0151,S008,C040388,2,14.88,0.15,25.3,14.57,10.72
0RD00359650,2023-04-01,P0177,S055,C010186,2,12.94,0.0,25.88,16.62,9.26
0RD00974827,2023-11-01,P0048,S002,C040713,4,5.33,0.0,21.32,14.34,6.98
0RD00591977,2024-11-17,P0108,S026,C026783,1,11.03,0.0,11.03,5.59,5.44
0RD00043796,2023-01-11,P0197,S084,C037521,5,9.57,0.0,47.85,27.87,19.98
0RD00199979,2023-10-11,P0022,S072,C032453,4,13.18,0.0,52.72,32.79,19.93
0RD00303408,2023-10-18,P0146,S064,C001582,1,3.4,0.15,2.89,1.91,0.98
0RD00730339,2024-09-15,P0196,S058,C022804,2,9.79,0.0,19.58,10.6,8.98
0RD00658270,2024-08-05,P0056,S078,C043616,1,6.94,0.2,5.55,3.12,2.43
0RD00582858,2024-10-17,P0149,S038,C006312,1,3.34,0.1,3.01,1.71,1.29
0RD00258531,2024-05-31,P0126,S004,C007969,4,12.54,0.2,40.13,20.58,19.54
0RD00098241,2024-01-14,P0102,S095,C038906,3,3.11,0.2,7.46,4.48,2.99
0RD00285900,2024-04-19,P0097,S001,C038454,3,4.5,0.15,11.47,5.96,5.51
0RD00663160,2024-09-13,P0191,S036,C010910,3,10.81,0.0,32.43,17.26,15.17
0RD00788525,2023-05-26,P0187,S039,C013255,2,5.91,0.0,11.82,6.11,5.71
0RD00273592,2024-03-08,P0184,S076,C029275,3,12.58,0.15,32.08,16.33,15.75
0RD00379485,2023-12-16,P0044,S021,C024870,5,9.81,0.0,49.05,28.12,20.93
0RD00290991,2024-10-17,P0055,S026,C023662,4,11.66,0.0,46.64,31.46,15.18
0RD00041403,2023-04-18,P0017,S093,C030656,1,6.4,0.0,6.4,3.44,2.96
0RD00124970,2023-12-09,P0200,S074,C001496,1,13.22,0.2,10.58,5.83,4.74
0RD00036920,2024-06-16,P0153,S078,C021277,5,14.45,0.2,57.8,32.11,25.69
0RD00455194,2024-12-08,P0024,S043,C016163,4,3.41,0.15,11.59,6.93,4.67
0RD00221942,2023-10-25,P0097,S082,C025013,4,11.12,0.0,44.48,24.46,20.02
0RD00466630,2023-09-18,P0056,S018,C022081,1,6.51,0.0,6.51,4.48,2.03
0RD00990321,2024-12-07,P0168,S044,C028427,4,9.38,0.0,37.52,18.83,18.69
0RD00460114,2024-02-16,P0141,S054,C023528,4,5.44,0.2,17.41,10.09,7.32
0RD00255322,2024-05-31,P0003,S035,C044183,4,4.69,0.0,18.76,12.64,6.12
0RD00338328,2023-10-31,P0105,S034,C017194,1,5.02,0.2,4.02,2.43,1.58
0RD00411216,2023-10-12,P0001,S065,C035793,3,14.09,0.15,35.93,24.75,11.18
0RD00241272,2023-02-08,P0152,S090,C009573,4,12.91,0.0,51.64,33.73,17.91
0RD00148002,2024-11-27,P0143,S055,C000535,5,3.34,0.0,16.7,10.09,6.61
0RD00666610,2023-09-15,P0028,S048,C038647,2,12.46,0.0,24.92,15.81,9.11
0RD00985409,2023-02-22,P0051,S061,C037296,3,5.28,0.0,15.84,7.94,7.9
0RD00094883,2023-09-10,P0173,S074,C041196,3,9.48,0.0,28.44,17.65,10.79
0RD00334372,2023-10-04,P0186,S057,C029723,2,4.58,0.0,9.16,6.19,2.97
0RD00402989,2024-07-05,P0150,S091,C007217,3,7.61,0.0,22.83,11.98,10.85
0RD00287907,2024-04-29,P0166,S085,C038004,3,10.21,0.2,24.5,16.82,7.68
0RD00408918,2024-12-05,P0136,S083,C029406,4,5.51,0.1,19.84,13.08,6.75
0RD00820804,2024-12-15,P0110,S078,C033083,5,14.4,0.0,72.0,43.37,28.63
0RD00922071,2023-08-15,P0001,S015,C029900,2,7.39,0.0,14.78,8.15,6.63
0RD00307183,2024-10-12,P0178,S026,C008904,3,12.58,0.1,33.97,19.39,14.57
0RD00824532,2023-10-19,P0026,S060,C002179,3,7.99,0.1,21.57,14.62,6.95
0RD00476130,2023-08-24,P0094,S030,C045507,4,14.46,0.0,57.84,33.11,24.73
0RD00631480,2023-11-24,P0160,S071,C021078,5,11.56,0.2,46.24,27.73,18.51
0RD00914605,2023-12-25,P0075,S089,C048026,5,3.24,0.0,16.2,11.17,5.03
0RD00611349,2023-02-12,P0074,S072,C035361,3,5.83,0.2,13.99,9.45,4.54
0RD00491157,2023-08-08,P0113,S009,C042963,4,11.52,0.15,39.17,23.89,15.27
0RD00602920,2023-02-20,P0115,S076,C046888,4,14.23,0.0,56.92,36.52,20.4
0RD00339330,2024-07-26,P0154,S042,C046153,5,12.93,0.2,51.72,26.6,25.12
0RD00295461,2023-12-02,P0175,S099,C007544,5,11.34,0.0,56.7,29.89,26.81
0RD00939228,2024-11-24,P0135,S055,C042498,2,14.99,0.1,26.98,17.07,9.91
0RD00126826,2023-12-18,P0068,S042,C019190,4,4.26,0.0,17.04,9.04,8.0
0RD00207419,2024-10-07,P0037,S040,C036494,3,7.45,0.15,19.0,12.09,6.9
0RD00018879,2024-02-09,P0024,S066,C020959,3,12.17,0.1,32.86,16.98,15.88
0RD00118461,2023-07-29,P0143,S008,C042717,2,4.19,0.15,7.12,4.94,2.18
0RD00527331,2023-01-12,P0198,S002,C015960,1,13.06,0.0,13.06,6.8,6.26
0RD00776937,2024-08-04,P0058,S012,C029278,1,7.39,0.1,6.65,4.19,2.46
0RD00517563,2024-01-18,P0092,S037,C046872,1,12.49,0.0,12.49,6.68,5.81
0RD00997599,2024-05-04,P0181,S016,C020562,2,10.61,0.0,21.22,12.1,9.12
0RD00480909,2023-02-22,P0024,S050,C014614,3,11.99,0.2,28.78,17.71,11.06
0RD00113895,2023-11-25,P0139,S037,C045458,1,5.43,0.0,5.43,3.32,2.11
0RD00794155,2023-12-24,P0057,S075,C002681,4,7.91,0.0,31.64,20.38,11.26
0RD00032911,2024-09-23,P0013,S001,C004230,4,14.07,0.0,56.28,39.26,17.02
0RD00682046,2023-11-18,P0139,S090,C033791,2,7.3,0.0,14.6,9.79,4.81
0RD00639128,2023-05-08,P0061,S021,C014671,3,3.71,0.0,11.13,7.57,3.56
0RD00952286,2024-05-02,P0105,S076,C041717,2,3.44,0.0,6.88,4.78,2.1
0RD00408909,2023-02-25,P0163,S050,C025505,4,9.3,0.1,33.48,22.75,10.73
0RD00510312,2024-10-07,P0157,S081,C039537,4,12.32,0.0,49.28,29.69,19.59
0RD00085639,2024-06-08,P0048,S080,C043656,2,12.35,0.0,24.7,12.77,11.93
0RD00240374,2023-11-13,P0177,S019,C042329,2,4.52,0.1,8.14,5.63,2.5
0RD00601682,2023-12-11,P0002,S068,C008500,5,5.67,0.0,28.35,15.66,12.69
0RD00204902,2024-09-11,P0025,S056,C049663,1,12.83,0.1,11.55,6.24,5.31
0RD00096599,2024-04-16,P0077,S007,C001563,5,6.24,0.0,31.2,21.57,9.63
0RD00804309,2023-07-26,P0013,S038,C046845,2,4.34,0.0,8.68,5.71,2.97
0RD00566556,2023-01-16,P0069,S025,C031650,4,6.87,0.0,27.48,15.8,11.68
0RD00723542,2024-05-02,P0043,S013,C049174,5,6.16,0.0,30.8,19.01,11.79
0RD00552452,2024-01-11,P0176,S040,C041838,2,8.79,0.2,14.06,7.68,6.38
0RD00383656,2023-03-23,P0095,S091,C004014,1,8.43,0.0,8.43,4.28,4.15
0RD00861636,2023-01-27,P0020,S003,C032458,5,12.38,0.15,52.62,33.77,18.85
0RD00493967,2023-02-02,P0066,S086,C021077,2,7.77,0.0,15.54,9.41,6.13
0RD00264930,2024-10-28,P0102,S067,C040302,3,7.39,0.2,17.74,12.06,5.67
0RD00827107,2024-11-05,P0139,S009,C031912,1,6.35,0.0,6.35,4.36,1.99
0RD00453716,2024-05-30,P0182,S066,C040565,5,9.22,0.1,41.49,27.37,14.12
0RD00795962,2024-08-20,P0110,S061,C046714,3,5.61,0.2,13.46,8.25,5.22
0RD00912859,2024-05-27,P0160,S013,C000713,4,6.24,0.2,19.97,10.36,9.61
0RD00405082,2024-02-24,P0064,S074,C042009,1,13.02,0.0,13.02,8.27,4.75
0RD00294884,2024-09-19,P0108,S068,C002942,5,11.64,0.0,58.2,30.49,27.71
0RD00680659,2024-10-04,P0079,S064,C027711,5,14.5,0.1,65.25,40.04,25.21
0RD00920396,2024-11-20,P0124,S063,C014522,5,13.54,0.2,54.16,31.72,22.44
0RD00004155,2024-11-13,P0135,S078,C011293,2,3.28,0.0,6.56,3.84,2.72
0RD00577961,2023-01-23,P0180,S016,C011960,2,10.97,0.15,18.65,10.63,8.02
0RD00831779,2023-09-02,P0033,S084,C042032,2,9.14,0.0,18.28,11.73,6.55
0RD00749148,2023-02-05,P0160,S075,C035696,5,4.43,0.0,22.15,13.37,8.78
0RD00616598,2023-10-05,P0163,S048,C034409,1,9.47,0.15,8.05,4.95,3.1
0RD00526109,2023-09-07,P0028,S026,C020653,2,6.17,0.1,11.11,7.52,3.59
0RD00909542,2023-07-16,P0149,S028,C031094,2,8.1,0.2,12.96,8.82,4.14
0RD00993009,2023-02-09,P0151,S038,C023755,1,5.27,0.1,4.74,2.71,2.03
0RD00149732,2024-12-28,P0158,S011,C010517,1,8.37,0.0,8.37,4.77,3.6
0RD00233165,2023-08-11,P0144,S022,C037616,4,13.76,0.0,55.04,28.76,26.28
0RD00829856,2023-09-18,P0043,S024,C038815,3,3.2,0.0,9.6,6.35,3.25
0RD00387458,2024-03-31,P0023,S074,C048176,2,11.68,0.0,23.36,14.88,8.48
0RD00191332,2023-03-12,P0153,S026,C034361,3,7.59,0.0,22.77,14.45,8.32
0RD00439273,2024-10-13,P0144,S021,C009576,2,10.49,0.15,17.83,9.47,8.36
0RD00687759,2023-03-18,P0189,S080,C017127,1,9.45,0.1,8.5,4.36,4.15
0RD00186855,2023-03-25,P0034,S097,C034059,5,10.36,0.1,46.62,30.87,15.75
0RD00596664,2024-05-02,P0074,S054,C020730,5,4.27,0.0,21.35,12.61,8.74
0RD00985002,2024-03-02,P0022,S062,C028006,5,3.96,0.0,19.8,13.15,6.65
0RD00183179,2024-07-06,P0137,S016,C032829,3,12.14,0.1,32.78,19.97,12.81
0RD00783005,2023-11-16,P0187,S010,C035668,1,9.68,0.1,8.71,5.03,3.68
0RD00111747,2024-11-28,P0193,S085,C009046,1,5.92,0.0,5.92,3.19,2.73
0RD00322827,2024-02-03,P0037,S024,C013888,3,11.89,0.15,30.32,20.8,9.52
0RD00864825,2024-05-21,P0171,S051,C018370,1,14.5,0.0,14.5,7.66,6.84
0RD00595164,2024-03-25,P0074,S055,C030252,1,5.83,0.0,5.83,2.97,2.86
0RD00799869,2024-10-16,P0102,S051,C011122,3,10.42,0.0,31.26,19.82,11.44
0RD00281498,2023-10-05,P0073,S002,C018759,4,7.75,0.0,31.0,16.53,14.47
0RD00558854,2024-10-03,P0149,S044,C005792,1,10.98,0.15,9.33,5.57,3.76
0RD00052927,2023-05-07,P0153,S022,C030857,3,7.01,0.15,17.88,10.58,7.3
0RD00622147,2024-12-09,P0134,S071,C049800,4,4.23,0.1,15.23,7.81,7.42
0RD00136512,2023-08-31,P0047,S074,C012201,1,7.27,0.15,6.18,3.55,2.63
0RD00218487,2024-03-01,P0030,S036,C045287,2,14.09,0.0,28.18,15.62,12.56
0RD00863127,2023-04-12,P0191,S003,C036562,2,14.54,0.1,26.17,13.1,13.07
0RD00036222,2023-11-22,P0066,S039,C013649,4,7.7,0.0,30.8,17.89,12.91
0RD00781924,2023-04-27,P0131,S021,C008790,1,10.14,0.0,10.14,6.7,3.44
0RD00002817,2023-08-17,P0115,S074,C004050,1,3.94,0.1,3.55,2.21,1.33
0RD00677636,2024-08-29,P0004,S009,C046224,2,10.58,0.0,21.16,14.25,6.91
0RD00587403,2023-06-13,P0081,S065,C016723,3,13.02,0.0,39.06,22.47,16.59
0RD00479228,2023-01-03,P0130,S056,C015045,2,9.45,0.15,16.06,10.83,5.24
0RD00233685,2024-04-13,P0142,S027,C008560,1,9.83,0.0,9.83,6.71,3.12
0RD00184480,2024-12-06,P0016,S027,C018087,1,10.12,0.0,10.12,6.01,4.11
0RD00344930,2023-03-06,P0158,S016,C019645,4,11.13,0.0,44.52,26.96,17.56
0RD00325565,2024-07-18,P0107,S022,C002623,3,6.34,0.1,17.12,9.33,7.79
0RD00765108,2023-12-21,P0148,S100,C008185,4,9.33,0.2,29.86,20.28,9.58
0RD00467012,2023-02-23,P0173,S045,C049648,3,4.33,0.0,12.99,8.31,4.68
0RD00744226,2023-06-13,P0119,S035,C005277,5,5.93,0.15,25.2,12.65,12.55
0RD00198261,2024-09-09,P0011,S022,C044639,1,5.73,0.0,5.73,3.55,2.18
0RD00725362,2023-06-16,P0030,S091,C010887,3,4.4,0.1,11.88,6.32,5.56
0RD00431423,2023-02-02,P0180,S058,C036622,5,5.06,0.0,25.3,13.97,11.33
0RD00783668,2024-03-24,P0141,S092,C039141,5,13.03,0.2,52.12,32.89,19.23
0RD00466240,2023-07-21,P0014,S081,C044968,1,14.75,0.0,14.75,9.05,5.7
0RD00027738,2024-11-15,P0087,S069,C041003,2,8.77,0.2,14.03,9.15,4.88
0RD00870582,2023-10-27,P0201,S048,C040408,5,4.98,0.0,24.9,13.38,11.52
0RD00566377,2023-04-05,P0049,S091,C003446,5,12.3,0.1,55.35,36.14,19.21
0RD00442723,2024-05-29,P0033,S060,C017724,2,3.92,0.0,7.84,5.45,2.39
0RD00705822,2023-01-20,P0033,S010,C049603,5,14.62,0.0,73.1,46.42,26.68
0RD00625561,2024-08-27,P0094,S062,C049037,2,11.1,0.2,17.76,11.25,6.51
0RD00619476,2023-03-12,P0031,S060,C024933,5,7.04,0.0,35.2,19.63,15.57
0RD00378992,2023-05-30,P0010,S044,C023309,3,10.8,0.0,32.4,16.39,16.01
0RD00536358,2023-04-08,P0129,S034,C036877,1,14.61,0.2,11.69,7.62,4.07
0RD00481948,2023-02-06,P0159,S027,C003884,2,7.89,0.0,15.78,9.84,5.94
0RD00054387,2024-12-22,P0058,S053,C026076,3,12.31,0.0,36.93,19.18,17.75
0RD00389785,2023-08-25,P0072,S031,C016322,4,4.99,0.2,15.97,10.32,5.64
0RD00226570,2024-05-05,P0063,S091,C018293,4,7.52,0.1,27.07,15.38,11.69
0RD00914608,2023-10-10,P0047,S068,C003047,3,4.12,0.15,10.51,7.26,3.24
0RD00738930,2023-06-02,P0197,S046,C002966,5,5.25,0.2,21.0,14.08,6.92
0RD00840580,2024-07-22,P0094,S100,C008227,1,6.72,0.0,6.72,3.86,2.86
0RD00221738,2023-01-31,P0023,S093,C002650,5,3.27,0.15,13.9,9.24,4.66
0RD00152568,2024-12-11,P0025,S037,C006369,4,3.0,0.15,10.2,6.94,3.26
0RD00737874,2023-07-05,P0011,S071,C016682,4,10.69,0.15,36.35,22.01,14.34
0RD00919585,2024-03-30,P0096,S038,C009401,2,10.81,0.15,18.38,10.69,7.68
0RD00031260,2023-08-25,P0127,S072,C037043,2,3.92,0.0,7.84,4.99,2.85
0RD00520968,2024-01-02,P0041,S067,C011380,2,6.15,0.0,12.3,7.88,4.42
0RD00538161,2023-06-16,P0192,S015,C049037,4,14.83,0.0,59.32,37.93,21.39
0RD00720159,2024-03-24,P0026,S100,C018998,3,3.19,0.15,8.13,5.16,2.98
0RD00951088,2023-12-27,P0104,S035,C000876,4,4.94,0.2,15.81,8.45,7.35
0RD00162361,2023-04-06,P0062,S006,C030066,1,10.14,0.0,10.14,6.98,3.16
0RD00396120,2024-08-28,P0041,S074,C032743,3,14.08,0.0,42.24,25.22,17.02
0RD00100922,2023-11-11,P0026,S076,C027874,4,10.07,0.0,40.28,22.68,17.6
0RD00827314,2023-07-17,P0022,S078,C024758,1,4.5,0.15,3.82,2.64,1.18
0RD00300778,2023-01-29,P0085,S073,C024804,1,12.26,0.1,11.03,7.31,3.72
0RD00777063,2023-01-30,P0166,S054,C004995,1,14.25,0.2,11.4,7.25,4.15
0RD00117815,2023-04-05,P0167,S069,C031987,3,7.33,0.0,21.99,11.37,10.62
0RD00687488,2023-08-15,P0124,S093,C043861,5,6.32,0.0,31.6,17.4,14.2
0RD00131771,2023-08-12,P0034,S069,C010878,1,10.37,0.1,9.33,6.34,2.99
0RD00067940,2023-05-27,P0078,S063,C019217,2,4.84,0.1,8.71,5.72,2.99
0RD00541922,2024-07-15,P0122,S059,C011239,2,3.69,0.15,6.27,3.16,3.11
0RD00762480,2023-10-19,P0124,S051,C022658,3,5.68,0.0,17.04,11.87,5.17
0RD00097527,2024-12-19,P0198,S068,C034947,5,6.48,0.0,32.4,18.81,13.59
0RD00167943,2024-08-02,P0047,S069,C006698,3,5.59,0.15,14.25,9.28,4.98
0RD00265669,2024-03-17,P0072,S066,C033913,2,9.35,0.0,18.7,9.65,9.05
0RD00311612,2024-08-09,P0201,S014,C044414,4,13.22,0.0,52.88,33.55,19.33
0RD00943959,2023-10-26,P0056,S055,C018269,2,3.36,0.0,6.72,4.04,2.68
0RD00756685,2023-07-12,P0065,S037,C043245,4,11.94,0.0,47.76,31.61,16.15
0RD00590833,2023-07-23,P0086,S067,C034774,4,13.06,0.0,52.24,33.74,18.5
0RD00242897,2023-11-04,P0037,S004,C003163,5,7.59,0.0,37.95,20.0,17.95
0RD00057414,2024-08-24,P0047,S039,C025086,1,11.73,0.0,11.73,6.34,5.39
0RD00010190,2024-04-02,P0034,S082,C027440,1,14.35,0.0,14.35,8.46,5.89
0RD00831310,2023-11-21,P0108,S008,C029241,1,10.25,0.0,10.25,6.0,4.25
0RD00646137,2023-11-15,P0079,S028,C032140,3,5.3,0.0,15.9,9.92,5.98
0RD00377703,2024-02-12,P0185,S052,C044980,5,8.62,0.1,38.79,27.11,11.68
0RD00798918,2024-01-03,P0106,S047,C038268,4,5.07,0.0,20.28,11.6,8.68
0RD00103555,2024-04-20,P0200,S007,C039920,2,6.01,0.1,10.82,6.73,4.09
0RD00008391,2023-11-19,P0054,S001,C048139,2,13.3,0.0,26.6,14.48,12.12
0RD00184868,2024-10-11,P0113,S015,C016677,4,13.51,0.0,54.04,32.76,21.28
0RD00399173,2024-04-02,P0120,S001,C048119,2,8.3,0.0,16.6,10.72,5.88
0RD00145264,2023-06-12,P0177,S068,C022401,3,7.81,0.2,18.74,12.56,6.18
0RD00675658,2023-05-01,P0178,S079,C004326,4,13.77,0.15,46.82,24.53,22.29
0RD00164447,2024-10-09,P0054,S085,C038775,3,13.04,0.1,35.21,21.0,14.2
0RD00707305,2023-09-09,P0101,S001,C038263,4,8.1,0.15,27.54,15.96,11.58
0RD00696449,2024-01-31,P0036,S067,C012556,5,11.73,0.0,58.65,36.69,21.96
0RD00361209,2024-12-18,P0030,S100,C011650,3,10.93,0.1,29.51,20.08,9.43
0RD00296786,2024-11-08,P0011,S024,C007903,4,6.07,0.1,21.85,12.73,9.12
0RD00181155,2023-10-29,P0111,S056,C007213,1,10.33,0.1,9.3,5.73,3.57
0RD00207210,2024-07-22,P0078,S085,C002216,5,10.7,0.2,42.8,22.23,20.57
0RD00955580,2024-12-25,P0117,S059,C024269,4,8.66,0.2,27.71,14.95,12.76
0RD00784312,2023-08-01,P0124,S010,C027399,2,3.31,0.2,5.3,3.64,1.66
0RD00217660,2024-05-19,P0169,S014,C020688,2,14.68,0.0,29.36,19.67,9.69
0RD00644231,2024-06-12,P0166,S054,C042331,1,6.97,0.0,6.97,3.97,3.0
0RD00515217,2023-10-09,P0035,S095,C001249,3,11.43,0.0,34.29,21.3,12.99
0RD00076454,2023-03-21,P0201,S048,C032217,5,13.99,0.1,62.96,33.81,29.15
0RD00094216,2024-05-09,P0004,S044,C044081,5,7.99,0.1,35.96,20.77,15.19
0RD00392745,2023-07-26,P0187,S009,C034940,3,3.34,0.2,8.02,4.49,3.53
0RD00685427,2023-08-31,P0051,S096,C047306,2,12.56,0.0,25.12,12.69,12.43
0RD00705940,2024-07-13,P0053,S043,C045867,2,13.13,0.0,26.26,15.38,10.88
0RD00364791,2023-02-09,P0079,S044,C028678,5,8.13,0.1,36.59,22.92,13.66
0RD00492998,2023-01-24,P0174,S016,C012983,5,3.14,0.0,15.7,9.43,6.27
0RD00993563,2024-11-02,P0083,S035,C002703,2,13.29,0.0,26.58,14.4,12.18
0RD00116835,2023-11-02,P0038,S067,C008196,4,4.17,0.0,16.68,11.34,5.34
0RD00658390,2024-10-31,P0049,S059,C031794,5,5.15,0.15,21.89,14.13,7.75
0RD00857132,2024-03-04,P0043,S067,C009491,2,4.98,0.0,9.96,6.58,3.38
0RD00277666,2024-11-21,P0074,S019,C047111,1,4.61,0.0,4.61,2.51,2.1
0RD00891397,2023-08-06,P0094,S063,C000341,3,6.13,0.0,18.39,10.52,7.87
0RD00088059,2023-01-28,P0163,S065,C005456,3,10.17,0.0,30.51,19.42,11.09
0RD00469042,2024-03-06,P0116,S011,C043619,5,8.97,0.0,44.85,22.66,22.19
0RD00605809,2023-03-09,P0013,S083,C034088,1,14.71,0.15,12.5,7.43,5.07
0RD00027097,2023-07-26,P0156,S069,C043026,1,14.58,0.1,13.12,8.92,4.2
0RD00148718,2023-01-30,P0130,S015,C027034,1,14.61,0.0,14.61,7.46,7.15
0RD00022525,2023-03-09,P0071,S062,C007223,1,5.7,0.0,5.7,3.41,2.29
0RD00481855,2023-03-26,P0045,S056,C042148,4,11.88,0.0,47.52,31.99,15.53
0RD00431201,2024-10-29,P0060,S086,C004011,5,13.71,0.15,58.27,34.17,24.1
0RD00311298,2023-01-05,P0062,S083,C037685,2,4.26,0.0,8.52,4.45,4.07
0RD00161773,2023-07-04,P0061,S015,C040361,3,13.24,0.0,39.72,20.22,19.5
0RD00833212,2023-08-29,P0062,S006,C000145,4,10.77,0.0,43.08,21.78,21.3
0RD00486528,2023-01-10,P0161,S027,C024673,3,9.94,0.2,23.86,13.16,10.7
0RD00354411,2024-06-15,P0000,S095,C009074,3,12.09,0.1,32.64,22.67,9.98
0RD00459150,2023-06-04,P0061,S094,C043253,5,10.82,0.0,54.1,36.07,18.03
0RD00837411,2023-10-05,P0175,S020,C030089,4,9.57,0.0,38.28,22.54,15.74
0RD00400824,2023-08-22,P0094,S044,C006300,3,6.42,0.1,17.33,9.36,7.98
0RD00488447,2024-01-14,P0047,S096,C032032,2,6.4,0.2,10.24,5.65,4.59
0RD00789453,2023-02-04,P0060,S049,C039729,2,12.59,0.0,25.18,16.35,8.83
0RD00118093,2023-05-16,P0117,S004,C048659,5,13.82,0.0,69.1,46.51,22.59
0RD00567951,2024-07-15,P0045,S004,C008927,4,12.02,0.0,48.08,26.62,21.46
0RD00667323,2024-03-13,P0080,S067,C015179,5,7.63,0.0,38.15,23.25,14.9
0RD00333416,2024-02-23,P0056,S001,C035305,2,7.77,0.0,15.54,9.15,6.39
0RD00928525,2024-10-10,P0174,S063,C036143,4,11.0,0.1,39.6,23.88,15.72
0RD00252546,2024-01-19,P0058,S005,C023420,5,7.15,0.1,32.18,16.97,15.21
0RD00454830,2024-04-07,P0104,S055,C018420,4,5.12,0.2,16.38,11.06,5.32
0RD00172758,2024-02-12,P0115,S068,C028520,1,11.26,0.0,11.26,6.24,5.02
0RD00653971,2023-01-02,P0040,S059,C039336,1,6.47,0.0,6.47,3.5,2.97
0RD00677185,2023-08-09,P0024,S015,C004774,4,5.96,0.0,23.84,12.15,11.69
0RD00255358,2023-06-19,P0076,S006,C039253,5,9.9,0.2,39.6,27.57,12.03
0RD00843408,2024-09-09,P0086,S055,C021303,1,13.37,0.0,13.37,9.12,4.25
0RD00556057,2024-07-28,P0075,S040,C017606,1,10.36,0.2,8.29,5.46,2.83
0RD00355083,2023-12-03,P0195,S027,C014599,1,10.95,0.0,10.95,6.06,4.89
0RD00022645,2023-01-17,P0096,S017,C018961,5,8.69,0.0,43.45,24.43,19.02
0RD00750041,2024-06-05,P0020,S033,C037985,3,14.69,0.15,37.46,22.0,15.46
0RD00944329,2024-03-06,P0076,S054,C033934,4,5.34,0.0,21.36,14.82,6.54
0RD00671434,2024-05-13,P0145,S038,C029747,1,11.97,0.0,11.97,6.42,5.55
0RD00879679,2024-06-18,P0175,S031,C023532,5,5.55,0.0,27.75,16.57,11.18
0RD00350258,2023-04-03,P0094,S025,C030065,3,14.31,0.0,42.93,28.98,13.95
0RD00575566,2024-09-10,P0021,S097,C007980,2,10.49,0.0,20.98,13.75,7.23
0RD00047665,2023-03-21,P0174,S063,C029420,3,9.76,0.0,29.28,19.48,9.8
0RD00450153,2024-03-17,P0032,S093,C043097,5,6.22,0.15,26.43,15.58,10.85
0RD00631371,2023-07-05,P0001,S076,C008907,1,8.27,0.0,8.27,5.57,2.7
0RD00021847,2024-04-15,P0073,S068,C035898,1,7.7,0.0,7.7,4.8,2.9
0RD00066950,2023-08-25,P0176,S065,C026919,4,6.18,0.0,24.72,15.89,8.83
0RD00964525,2023-07-06,P0098,S028,C025837,4,11.08,0.15,37.67,24.07,13.6
0RD00566715,2023-01-07,P0095,S055,C029654,3,10.11,0.0,30.33,21.16,9.17
0RD00790467,2024-08-23,P0136,S058,C015694,5,8.23,0.0,41.15,27.9,13.25
0RD00287287,2023-10-09,P0158,S061,C004560,5,9.17,0.0,45.85,26.76,19.09
0RD00662402,2023-08-04,P0189,S021,C008531,2,5.75,0.0,11.5,6.88,4.62
0RD00216772,2024-01-23,P0037,S072,C047277,4,8.4,0.0,33.6,22.92,10.68
0RD00432706,2024-05-11,P0141,S056,C022579,3,10.62,0.0,31.86,18.49,13.37
0RD00363679,2023-11-29,P0129,S029,C045846,4,10.68,0.1,38.45,22.34,16.1
0RD00999575,2024-11-24,P0106,S067,C007808,4,3.22,0.0,12.88,8.52,4.36
0RD00053806,2024-05-26,P0126,S009,C034168,4,4.61,0.0,18.44,11.28,7.16
0RD00523898,2023-07-10,P0083,S058,C040633,1,3.31,0.0,3.31,2.06,1.25
0RD00897223,2024-08-14,P0155,S071,C015556,1,7.45,0.1,6.71,3.49,3.21
0RD00623913,2024-04-23,P0006,S034,C022324,5,9.04,0.0,45.2,25.84,19.36
0RD00859215,2024-09-19,P0029,S054,C045760,5,7.31,0.0,36.55,18.37,18.18
0RD00769779,2024-08-22,P0105,S057,C010258,3,14.49,0.0,43.47,24.53,18.94
0RD00532217,2023-03-23,P0086,S095,C037898,2,6.51,0.0,13.02,8.48,4.54
0RD00608717,2023-02-13,P0145,S080,C011170,5,14.22,0.1,63.99,44.1,19.89
0RD00503518,2024-08-06,P0059,S058,C030112,2,8.2,0.15,13.94,9.22,4.72
0RD00561884,2023-08-02,P0199,S099,C006503,5,13.4,0.0,67.0,46.72,20.28
0RD00065377,2023-11-07,P0025,S060,C042264,3,6.94,0.1,18.74,12.68,6.06
0RD00089017,2023-09-21,P0103,S031,C005112,2,14.89,0.0,29.78,17.03,12.75
0RD00749711,2023-09-14,P0181,S033,C030195,5,3.48,0.15,14.79,9.85,4.94
0RD00554518,2023-06-07,P0143,S006,C028508,2,7.64,0.0,15.28,7.95,7.33
0RD00484145,2024-03-15,P0045,S006,C030752,1,12.49,0.0,12.49,8.54,3.95
0RD00360481,2023-07-24,P0028,S034,C011292,2,14.83,0.1,26.69,13.85,12.85
0RD00574017,2024-04-30,P0055,S069,C000537,1,10.77,0.0,10.77,6.82,3.95
0RD00584929,2023-01-04,P0014,S055,C007356,2,4.69,0.0,9.38,4.7,4.68
0RD00864163,2023-05-25,P0179,S041,C037655,2,8.4,0.0,16.8,11.75,5.05
0RD00158580,2023-01-31,P0060,S011,C028247,4,9.44,0.1,33.98,21.75,12.24
0RD00180587,2023-09-05,P0167,S075,C035207,2,10.74,0.1,19.33,13.08,6.25
0RD00828216,2024-12-30,P0044,S060,C011192,3,9.15,0.0,27.45,14.71,12.74
0RD00999426,2023-09-15,P0078,S098,C031696,2,12.76,0.0,25.52,15.21,10.31
0RD00889069,2023-06-08,P0025,S040,C021216,4,14.6,0.1,52.56,31.79,20.77
0RD00834282,2024-02-23,P0141,S042,C001688,5,3.88,0.0,19.4,10.17,9.23
0RD00592911,2024-07-02,P0145,S098,C024416,5,7.86,0.0,39.3,21.18,18.12
0RD00296845,2024-05-07,P0050,S018,C042676,5,6.39,0.15,27.16,16.49,10.67
0RD00540794,2023-12-25,P0022,S079,C042490,5,12.26,0.0,61.3,36.57,24.73
0RD00536139,2024-06-27,P0153,S030,C045331,2,7.21,0.0,14.42,7.74,6.68
0RD00063356,2023-11-06,P0010,S022,C028185,4,11.97,0.0,47.88,27.4,20.48
0RD00011868,2024-10-06,P0148,S058,C011675,5,13.29,0.1,59.8,31.96,27.85
0RD00032591,2023-02-06,P0033,S085,C008365,1,8.32,0.0,8.32,5.62,2.7
0RD00185995,2023-05-25,P0092,S044,C034597,4,13.67,0.1,49.21,30.74,18.47
0RD00768389,2024-06-03,P0004,S070,C039424,1,11.91,0.15,10.12,6.9,3.22
0RD00508334,2024-12-25,P0015,S036,C045727,5,3.74,0.0,18.7,13.05,5.65
0RD00676869,2023-10-23,P0058,S051,C007543,3,13.29,0.0,39.87,20.27,19.6
0RD00212105,2024-02-06,P0171,S048,C024408,2,10.28,0.0,20.56,12.22,8.34
0RD00136460,2024-07-13,P0119,S096,C022546,1,6.92,0.15,5.88,3.4,2.48
0RD00688401,2023-11-04,P0099,S069,C017538,1,9.52,0.2,7.62,4.41,3.21
0RD00151880,2023-08-23,P0114,S005,C011424,4,12.83,0.0,51.32,34.79,16.53
0RD00322593,2024-01-15,P0075,S060,C037435,3,4.37,0.0,13.11,7.17,5.94
0RD00903324,2024-12-06,P0177,S092,C028159,5,12.69,0.0,63.45,36.9,26.55
0RD00265066,2023-10-05,P0034,S029,C013289,2,10.71,0.0,21.42,12.84,8.58
0RD00276960,2023-04-10,P0143,S036,C016528,4,11.28,0.0,45.12,24.22,20.9
0RD00637413,2024-03-06,P0156,S098,C011773,1,10.52,0.0,10.52,5.59,4.93
0RD00157730,2024-11-11,P0006,S050,C012012,3,4.52,0.0,13.56,7.7,5.86
0RD00828393,2024-09-23,P0088,S074,C002453,4,3.44,0.0,13.76,9.47,4.29
0RD00030408,2023-09-16,P0169,S032,C019676,1,14.38,0.2,11.5,5.78,5.72
0RD00896749,2024-02-15,P0095,S036,C043577,4,3.69,0.0,14.76,9.35,5.41
0RD00298613,2024-12-16,P0142,S041,C048203,2,3.74,0.0,7.48,4.33,3.15
0RD00086814,2023-12-23,P0076,S088,C023055,5,14.73,0.2,58.92,33.97,24.95
0RD00388020,2023-08-29,P0154,S032,C020119,1,10.36,0.0,10.36,5.94,4.42
0RD00478291,2023-11-11,P0093,S054,C000582,5,8.42,0.0,42.1,23.17,18.93
0RD00673132,2023-03-22,P0178,S062,C030508,3,10.24,0.0,30.72,19.82,10.9
0RD00037195,2023-11-28,P0070,S036,C014900,1,5.11,0.15,4.34,2.46,1.89
0RD00647585,2023-04-21,P0096,S058,C020043,3,7.46,0.15,19.02,9.56,9.46
0RD00875120,2024-03-29,P0147,S084,C046776,5,14.66,0.2,58.64,33.3,25.34
0RD00747129,2024-12-30,P0164,S056,C031551,3,14.81,0.0,44.43,28.81,15.62
0RD00805727,2024-10-11,P0097,S090,C013070,5,14.4,0.0,72.0,41.67,30.33
0RD00637685,2023-12-15,P0089,S017,C022786,5,3.69,0.0,18.45,11.35,7.1
0RD00701684,2024-06-09,P0126,S024,C002475,5,10.57,0.0,52.85,34.88,17.97
0RD00213271,2023-09-12,P0183,S024,C011901,4,11.16,0.0,44.64,23.83,20.81
0RD00987286,2024-03-08,P0069,S081,C035465,2,12.99,0.0,25.98,14.39,11.59
0RD00567291,2023-03-27,P0074,S058,C009456,1,11.77,0.0,11.77,6.2,5.57
0RD00312736,2024-07-10,P0163,S029,C034965,5,8.33,0.2,33.32,22.89,10.43
0RD00384047,2024-07-08,P0113,S096,C000582,5,13.31,0.0,66.55,39.88,26.67
0RD00536096,2023-02-09,P0175,S074,C000182,5,8.08,0.0,40.4,22.54,17.86
0RD00202812,2024-10-15,P0038,S065,C046596,1,11.66,0.1,10.49,7.29,3.2
0RD00133407,2023-09-02,P0119,S091,C023871,2,8.72,0.0,17.44,8.96,8.48
0RD00554914,2024-11-14,P0007,S075,C033098,1,10.47,0.0,10.47,6.4,4.07
0RD00065969,2023-03-19,P0132,S078,C026113,3,7.3,0.0,21.9,15.08,6.82
0RD00648851,2023-08-17,P0081,S007,C015050,4,10.12,0.0,40.48,21.55,18.93
0RD00909632,2023-05-17,P0011,S067,C037586,2,13.86,0.2,22.18,12.77,9.41
0RD00340814,2023-09-02,P0061,S091,C020611,3,14.45,0.0,43.35,28.94,14.41
0RD00064868,2023-11-24,P0009,S097,C011517,5,8.02,0.0,40.1,21.59,18.51
0RD00246653,2024-12-18,P0122,S096,C032317,4,13.06,0.0,52.24,29.42,22.82
0RD00499181,2023-01-23,P0003,S074,C011675,3,5.09,0.0,15.27,8.76,6.51
0RD00982096,2024-12-21,P0056,S073,C048180,3,8.57,0.15,21.85,12.07,9.79
0RD00329442,2023-10-15,P0045,S010,C036091,2,12.42,0.1,22.36,13.62,8.74
0RD00589424,2023-03-16,P0090,S030,C029634,1,10.98,0.0,10.98,6.19,4.79
0RD00074114,2023-03-04,P0098,S100,C001455,3,3.84,0.0,11.52,7.5,4.02
0RD00635742,2023-09-18,P0129,S018,C011669,4,9.83,0.0,39.32,20.81,18.51
0RD00020716,2024-10-25,P0022,S073,C012040,3,10.11,0.0,30.33,16.56,13.77
0RD00605211,2023-03-13,P0178,S073,C049633,1,5.92,0.2,4.74,2.95,1.79
0RD00601735,2023-01-12,P0151,S002,C034313,4,11.75,0.0,47.0,31.16,15.84
0RD00235063,2023-03-10,P0154,S095,C010042,4,13.13,0.0,52.52,36.58,15.94
0RD00355562,2024-06-18,P0077,S006,C029345,1,3.24,0.2,2.59,1.65,0.94
0RD00198903,2024-09-15,P0199,S018,C033487,1,14.36,0.2,11.49,6.94,4.55
0RD00773348,2024-12-22,P0106,S029,C001629,2,13.3,0.1,23.94,12.33,11.61
0RD00410606,2023-03-07,P0100,S014,C024251,2,5.55,0.0,11.1,5.61,5.49
0RD00634944,2024-10-17,P0126,S087,C032596,3,7.01,0.0,21.03,12.1,8.93
0RD00355942,2024-06-23,P0144,S043,C039135,1,9.89,0.2,7.91,4.9,3.01
0RD00324269,2024-10-13,P0008,S028,C034101,4,3.73,0.15,12.68,8.36,4.33
0RD00824846,2023-05-06,P0182,S017,C004190,3,5.7,0.0,17.1,10.43,6.67
0RD00184930,2023-10-08,P0183,S046,C029104,1,10.01,0.0,10.01,6.8,3.21
0RD00720363,2024-03-19,P0132,S071,C015121,2,9.58,0.2,15.33,7.97,7.36
0RD00305354,2024-06-04,P0147,S063,C011352,5,14.08,0.2,56.32,37.11,19.21
0RD00274457,2023-08-21,P0127,S082,C049570,2,7.38,0.0,14.76,8.74,6.02
0RD00511083,2024-03-09,P0192,S087,C036328,5,14.99,0.0,74.95,37.61,37.34
0RD00349248,2024-10-24,P0126,S096,C032017,1,3.52,0.0,3.52,2.09,1.43
0RD00765987,2024-02-05,P0027,S025,C008813,5,3.23,0.2,12.92,7.54,5.38
0RD00415658,2023-06-17,P0165,S087,C029643,4,4.21,0.15,14.31,8.33,5.98
0RD00166765,2024-12-21,P0140,S034,C001831,5,3.3,0.0,16.5,10.2,6.3
0RD00311403,2024-05-13,P0066,S064,C029560,4,14.46,0.0,57.84,31.99,25.85
0RD00341331,2024-09-23,P0199,S021,C038881,5,14.1,0.15,59.92,40.64,19.29
0RD00714828,2024-07-06,P0156,S028,C049252,4,6.49,0.15,22.07,14.8,7.27
0RD00085417,2024-12-18,P0000,S007,C028271,2,3.16,0.0,6.32,3.39,2.93
0RD00663819,2023-07-31,P0171,S058,C036508,5,4.32,0.15,18.36,10.26,8.1
0RD00524155,2023-12-27,P0178,S039,C027160,1,4.73,0.0,4.73,3.06,1.67
0RD00130325,2024-08-20,P0097,S004,C010068,4,14.05,0.0,56.2,35.21,20.99
0RD00791177,2024-11-08,P0042,S074,C014715,5,5.24,0.15,22.27,11.87,10.4
0RD00389363,2023-10-25,P0011,S062,C005817,2,7.49,0.0,14.98,9.88,5.1
0RD00443668,2024-06-25,P0108,S074,C045771,4,12.71,0.0,50.84,26.82,24.02
0RD00311026,2024-04-12,P0088,S049,C016861,5,13.92,0.0,69.6,46.9,22.7
0RD00221365,2024-12-07,P0036,S036,C037998,1,5.38,0.1,4.84,3.08,1.76
0RD00979728,2024-03-07,P0173,S079,C019853,1,14.86,0.0,14.86,7.52,7.34
0RD00340805,2024-02-24,P0044,S019,C012152,2,9.92,0.0,19.84,10.42,9.42
0RD00672930,2024-10-08,P0089,S048,C048281,3,12.3,0.0,36.9,23.4,13.5
0RD00056556,2023-05-09,P0147,S078,C020607,4,5.01,0.15,17.03,10.76,6.27
0RD00614640,2024-02-19,P0145,S041,C012135,5,14.52,0.0,72.6,47.76,24.84
0RD00878214,2023-04-07,P0073,S069,C039536,2,14.24,0.0,28.48,15.85,12.63
0RD00595905,2023-05-25,P0032,S066,C016939,4,14.89,0.0,59.56,33.56,26.0
0RD00595811,2023-08-29,P0167,S099,C040702,2,3.73,0.1,6.71,4.22,2.49
0RD00833157,2023-07-26,P0032,S055,C047555,1,7.06,0.1,6.35,4.29,2.06
0RD00363120,2024-10-24,P0007,S041,C016590,4,13.13,0.0,52.52,31.66,20.86
0RD00431929,2024-01-28,P0182,S038,C003653,5,11.13,0.1,50.09,34.59,15.49
0RD00396612,2024-01-21,P0046,S025,C018136,3,6.96,0.1,18.79,11.67,7.12
0RD00796877,2024-05-27,P0182,S097,C023202,2,9.52,0.0,19.04,12.82,6.22
0RD00420043,2024-07-15,P0124,S043,C049845,5,3.48,0.1,15.66,9.31,6.35
0RD00756363,2023-08-23,P0170,S077,C022019,5,11.33,0.0,56.65,28.67,27.98
0RD00321241,2023-05-05,P0003,S070,C043378,2,9.69,0.1,17.44,9.03,8.41
0RD00080428,2023-12-03,P0011,S047,C001791,1,12.98,0.1,11.68,6.49,5.19
0RD00692265,2024-02-02,P0186,S056,C027864,5,7.07,0.0,35.35,23.16,12.19
0RD00722876,2024-04-15,P0084,S030,C019529,5,6.79,0.2,27.16,13.76,13.4
0RD00327890,2024-04-11,P0155,S041,C046440,3,6.12,0.0,18.36,11.3,7.06
0RD00577996,2023-11-29,P0017,S042,C049877,3,5.79,0.0,17.37,9.81,7.56
0RD00204463,2023-05-09,P0192,S067,C049002,4,8.55,0.1,30.78,21.48,9.3
0RD00859534,2023-10-29,P0175,S058,C018515,3,12.09,0.0,36.27,19.32,16.95
0RD00075291,2024-09-16,P0054,S030,C033063,4,13.75,0.0,55.0,35.18,19.82
0RD00704145,2024-08-13,P0085,S053,C005404,5,4.33,0.0,21.65,14.62,7.03
0RD00106172,2024-03-20,P0083,S023,C044882,5,3.76,0.0,18.8,10.3,8.5
0RD00381890,2024-12-27,P0183,S022,C035900,5,9.68,0.15,41.14,22.85,18.29
0RD00183134,2023-10-08,P0070,S027,C048516,3,13.35,0.0,40.05,26.19,13.86
0RD00309237,2024-06-16,P0195,S087,C045758,2,3.59,0.0,7.18,4.01,3.17
0RD00605727,2023-01-02,P0098,S039,C016553,4,7.4,0.1,26.64,18.61,8.03
0RD00990484,2024-05-04,P0040,S062,C043444,5,3.41,0.0,17.05,8.79,8.26
0RD00708572,2023-01-05,P0104,S068,C035508,5,10.09,0.0,50.45,28.27,22.18
0RD00675198,2024-06-07,P0121,S015,C037598,3,7.36,0.0,22.08,11.23,10.85
0RD00003711,2023-06-30,P0101,S080,C001995,5,9.09,0.0,45.45,29.44,16.01
0RD00862359,2023-03-31,P0179,S048,C022610,4,5.33,0.0,21.32,12.42,8.9
0RD00521430,2023-09-12,P0167,S046,C038314,2,5.04,0.15,8.57,5.16,3.41
0RD00727301,2024-04-04,P0191,S029,C028799,5,10.8,0.0,54.0,36.31,17.69
0RD00163763,2023-12-10,P0061,S096,C029640,4,5.7,0.0,22.8,14.28,8.52
0RD00101171,2023-06-20,P0095,S097,C014904,1,12.05,0.1,10.85,7.48,3.36
0RD00406026,2024-11-02,P0004,S074,C010572,5,6.85,0.0,34.25,19.86,14.39
0RD00794983,2023-10-14,P0042,S065,C027509,2,5.49,0.0,10.98,5.79,5.19
0RD00132891,2024-06-23,P0181,S002,C010984,5,6.0,0.15,25.5,17.84,7.66
0RD00731733,2023-03-18,P0130,S063,C035485,1,9.46,0.1,8.51,5.41,3.1
0RD00255895,2023-12-25,P0060,S019,C011285,2,13.88,0.1,24.98,13.91,11.07
0RD00756203,2023-06-09,P0041,S004,C039543,1,10.94,0.0,10.94,7.57,3.37
0RD00108553,2024-09-24,P0026,S073,C046082,3,4.49,0.1,12.12,7.38,4.75
0RD00463941,2024-12-28,P0038,S073,C019403,4,14.74,0.0,58.96,30.28,28.68
0RD00201230,2024-09-27,P0017,S006,C001474,3,9.39,0.0,28.17,17.83,10.34
0RD00367795,2024-07-29,P0173,S009,C043316,2,10.13,0.15,17.22,8.83,8.39
0RD00303352,2023-03-15,P0067,S094,C028483,1,6.46,0.2,5.17,2.85,2.32
0RD00851024,2024-10-15,P0042,S065,C041737,2,14.5,0.0,29.0,17.91,11.09
0RD00259516,2024-05-24,P0139,S046,C011792,4,12.79,0.0,51.16,29.5,21.66
0RD00364434,2023-11-27,P0184,S058,C049015,3,13.93,0.0,41.79,28.84,12.95
0RD00363694,2024-10-26,P0126,S083,C044532,2,6.55,0.0,13.1,7.14,5.96
0RD00551927,2024-10-26,P0019,S025,C000199,4,10.96,0.0,43.84,23.75,20.09
0RD00180482,2023-10-30,P0028,S073,C040520,2,9.92,0.2,15.87,9.96,5.91
0RD00437055,2023-01-18,P0126,S009,C032461,5,7.26,0.15,30.85,19.91,10.95
0RD00334769,2023-02-19,P0130,S030,C032620,4,3.3,0.1,11.88,6.65,5.23
0RD00678694,2024-07-31,P0139,S075,C027438,4,5.24,0.0,20.96,10.85,10.11
0RD00006324,2023-05-04,P0083,S098,C027798,2,10.84,0.0,21.68,11.38,10.3
0RD00775026,2023-08-18,P0135,S027,C024193,3,7.55,0.0,22.65,15.66,6.99
0RD00954273,2024-06-25,P0030,S094,C002689,5,6.4,0.2,25.6,16.8,8.8
0RD00157979,2023-10-31,P0115,S089,C014154,2,3.53,0.1,6.35,3.82,2.54
0RD00247508,2023-04-01,P0014,S098,C039177,4,10.62,0.15,36.11,20.76,15.35
0RD00131529,2023-03-24,P0092,S031,C019873,1,6.42,0.1,5.78,3.82,1.96
0RD00559957,2024-03-03,P0154,S037,C049395,4,4.48,0.0,17.92,10.9,7.02
0RD00494684,2023-11-03,P0051,S035,C043845,3,10.17,0.1,27.46,15.66,11.8
0RD00778495,2024-07-18,P0141,S046,C032220,5,11.61,0.0,58.05,29.34,28.71
0RD00082579,2023-04-23,P0154,S099,C029106,5,7.37,0.0,36.85,24.57,12.28
0RD00855572,2023-03-27,P0166,S008,C039525,3,9.35,0.2,22.44,11.97,10.47
0RD00026928,2023-07-25,P0072,S100,C028459,2,13.16,0.15,22.37,15.03,7.34
0RD00788040,2023-01-22,P0184,S013,C048052,1,9.57,0.0,9.57,5.9,3.67
0RD00375866,2024-04-17,P0105,S096,C025404,1,5.11,0.0,5.11,3.49,1.62
0RD00465504,2024-09-23,P0177,S059,C015730,2,9.33,0.1,16.79,10.28,6.52
0RD00911940,2023-02-02,P0163,S053,C020152,1,4.73,0.0,4.73,2.49,2.24
0RD00163271,2023-09-04,P0051,S021,C048493,5,4.96,0.15,21.08,14.26,6.82
0RD00596363,2024-11-25,P0175,S037,C024950,5,9.72,0.0,48.6,29.99,18.61
0RD00675545,2024-03-19,P0040,S078,C012400,2,9.17,0.2,14.67,8.05,6.63
0RD00948415,2023-05-04,P0175,S046,C025313,3,4.16,0.15,10.61,6.83,3.77
0RD00995542,2023-11-15,P0100,S100,C029777,3,10.65,0.15,27.16,16.76,10.4
0RD00463779,2023-04-11,P0019,S071,C028398,5,3.32,0.0,16.6,11.48,5.12
0RD00465354,2024-02-14,P0107,S075,C024688,1,10.7,0.15,9.09,6.36,2.74
0RD00192963,2023-08-17,P0039,S043,C005646,1,14.96,0.1,13.46,7.28,6.18
0RD00065787,2023-02-21,P0056,S052,C030077,4,3.27,0.0,13.08,7.46,5.62
0RD00462214,2024-06-17,P0173,S092,C038299,5,14.07,0.0,70.35,37.52,32.83
0RD00645247,2023-10-09,P0027,S098,C041735,3,14.21,0.0,42.63,22.51,20.12
0RD00635817,2023-01-13,P0025,S054,C001693,3,12.44,0.1,33.59,21.18,12.41
0RD00824732,2023-11-17,P0186,S068,C038519,2,8.68,0.0,17.36,10.15,7.21
0RD00661379,2024-07-29,P0134,S021,C002770,2,8.12,0.0,16.24,10.67,5.57
0RD00619350,2023-03-14,P0064,S034,C001780,4,12.94,0.0,51.76,26.3,25.46
0RD00334962,2024-03-09,P0119,S025,C047970,1,11.38,0.1,10.24,5.96,4.28
0RD00273430,2024-09-03,P0090,S027,C027163,4,7.65,0.0,30.6,17.03,13.57
0RD00304006,2024-10-07,P0081,S046,C016886,5,6.76,0.1,30.42,18.55,11.87
0RD00839172,2023-05-13,P0114,S053,C039169,5,3.72,0.0,18.6,12.48,6.12
0RD00570461,2024-11-08,P0071,S074,C004327,4,5.08,0.0,20.32,11.07,9.25
0RD00045135,2024-10-25,P0180,S092,C022848,4,3.97,0.0,15.88,9.05,6.83
0RD00800843,2023-03-03,P0023,S043,C025775,4,5.15,0.0,20.6,12.24,8.36
0RD00578609,2023-12-24,P0118,S002,C009293,3,13.99,0.15,35.67,23.81,11.86
0RD00190271,2023-09-05,P0111,S060,C029040,5,9.02,0.0,45.1,26.16,18.94
0RD00364964,2023-06-10,P0157,S079,C049408,1,10.52,0.0,10.52,7.24,3.28
0RD00439344,2024-06-12,P0082,S054,C040955,5,7.01,0.0,35.05,24.22,10.83
0RD00742810,2023-09-15,P0078,S095,C017003,1,7.92,0.0,7.92,5.27,2.65
0RD00623005,2023-09-27,P0108,S076,C047446,3,6.47,0.0,19.41,9.97,9.44
0RD00302903,2023-10-20,P0178,S056,C024446,5,10.79,0.0,53.95,36.25,17.7
0RD00847585,2023-02-08,P0112,S026,C046892,1,3.62,0.1,3.26,1.9,1.36
0RD00985749,2023-03-31,P0186,S097,C046592,3,14.11,0.0,42.33,29.57,12.76
0RD00650838,2023-10-25,P0066,S008,C029368,5,11.2,0.2,44.8,25.47,19.33
0RD00925015,2023-11-09,P0097,S070,C018490,4,14.0,0.1,50.4,28.97,21.43
0RD00905109,2023-08-07,P0091,S043,C027494,1,4.15,0.0,4.15,2.42,1.73
0RD00620965,2024-09-05,P0022,S028,C024766,3,10.76,0.2,25.82,16.4,9.42
0RD00656149,2024-03-07,P0157,S057,C019497,1,5.26,0.15,4.47,2.89,1.58
0RD00766127,2024-03-23,P0056,S011,C039511,2,7.65,0.1,13.77,7.99,5.78
0RD00769811,2023-10-16,P0057,S080,C001196,4,3.87,0.0,15.48,8.38,7.1
0RD00069351,2023-12-26,P0094,S036,C040390,1,5.79,0.0,5.79,3.87,1.92
0RD00419646,2024-03-20,P0165,S070,C042560,5,3.96,0.0,19.8,10.92,8.88
0RD00593925,2024-10-12,P0099,S024,C047840,1,5.22,0.0,5.22,3.26,1.96
0RD00659386,2024-06-27,P0142,S023,C009288,1,8.63,0.15,7.34,4.42,2.91
0RD00692075,2024-02-03,P0131,S049,C038665,1,4.37,0.0,4.37,2.59,1.78
0RD00092579,2023-04-23,P0056,S031,C003791,3,5.72,0.0,17.16,8.74,8.42
0RD00889823,2023-07-26,P0191,S016,C002988,3,6.61,0.2,15.86,10.79,5.07
0RD00984871,2023-08-10,P0009,S064,C036450,5,9.23,0.15,39.23,27.05,12.18
0RD00256002,2024-05-03,P0072,S100,C025016,1,3.53,0.0,3.53,2.42,1.11
0RD00225143,2023-05-24,P0115,S028,C031977,4,11.52,0.0,46.08,31.61,14.47
0RD00755200,2024-05-14,P0011,S058,C026074,2,3.26,0.1,5.87,3.07,2.8
0RD00766733,2023-10-25,P0056,S090,C027621,1,13.4,0.15,11.39,7.68,3.71
0RD00850004,2024-07-27,P0090,S060,C011014,5,14.82,0.0,74.1,50.64,23.46
0RD00881480,2023-08-18,P0009,S068,C019315,4,9.99,0.0,39.96,23.19,16.77
0RD00899221,2024-01-09,P0130,S088,C008564,1,10.43,0.0,10.43,7.1,3.33
0RD00465910,2024-11-06,P0104,S080,C048733,4,4.64,0.2,14.85,8.02,6.82
0RD00254427,2023-05-09,P0180,S043,C038364,4,3.25,0.0,13.0,7.3,5.7
0RD00228219,2024-11-08,P0150,S027,C016143,3,10.53,0.15,26.85,14.88,11.97
0RD00099940,2024-07-14,P0108,S071,C011868,5,4.63,0.2,18.52,12.04,6.48
0RD00249847,2023-09-06,P0139,S095,C037399,2,11.66,0.1,20.99,14.65,6.34
0RD00855223,2023-10-10,P0050,S054,C015112,2,13.46,0.1,24.23,13.29,10.94
0RD00607519,2024-02-12,P0039,S062,C036712,5,5.65,0.0,28.25,18.74,9.51
0RD00629163,2024-02-12,P0147,S028,C008358,4,13.39,0.0,53.56,36.98,16.58
0RD00250057,2024-07-25,P0010,S076,C006205,2,14.78,0.1,26.6,18.2,8.41
0RD00344256,2024-06-19,P0004,S064,C027855,1,9.06,0.2,7.25,3.92,3.33
0RD00888474,2024-09-08,P0094,S026,C043309,2,12.73,0.2,20.37,10.98,9.39
0RD00934815,2024-11-08,P0199,S093,C016651,2,13.57,0.1,24.43,12.23,12.19
0RD00306815,2024-12-28,P0015,S096,C003542,4,9.58,0.15,32.57,17.48,15.09
0RD00298608,2023-10-07,P0052,S010,C014683,1,8.99,0.0,8.99,4.98,4.01
0RD00255390,2023-05-13,P0061,S085,C036142,4,7.45,0.0,29.8,16.56,13.24
0RD00048343,2023-02-09,P0038,S016,C036390,4,5.96,0.1,21.46,12.31,9.14
0RD00550774,2024-08-21,P0177,S089,C040184,4,12.13,0.1,43.67,23.53,20.14
0RD00267208,2023-02-24,P0116,S064,C044444,5,12.04,0.0,60.2,32.36,27.84
0RD00143631,2023-11-07,P0104,S023,C013736,2,13.45,0.1,24.21,13.06,11.15
0RD00592737,2024-10-07,P0045,S011,C004456,4,11.38,0.0,45.52,24.61,20.91
0RD00426781,2023-07-22,P0180,S030,C031397,5,9.89,0.15,42.03,25.22,16.82
0RD00742001,2024-01-27,P0146,S004,C026768,2,7.72,0.0,15.44,7.99,7.45
0RD00027049,2023-02-15,P0117,S015,C025041,2,3.09,0.2,4.94,2.82,2.13
0RD00307466,2024-08-13,P0155,S048,C003951,1,10.03,0.15,8.53,5.78,2.75
0RD00102904,2023-08-08,P0085,S002,C025730,1,4.48,0.0,4.48,2.69,1.79
0RD00114921,2024-09-03,P0166,S011,C032398,2,10.83,0.0,21.66,11.72,9.94
0RD00950037,2023-01-30,P0134,S038,C022292,4,5.54,0.0,22.16,12.69,9.47
0RD00741750,2023-01-07,P0130,S041,C013635,4,3.29,0.0,13.16,8.82,4.34
0RD00753969,2024-11-11,P0020,S021,C029038,2,10.68,0.0,21.36,12.24,9.12
0RD00268876,2023-10-22,P0113,S018,C006902,5,3.35,0.0,16.75,8.72,8.03
0RD00859867,2023-08-24,P0199,S096,C029840,4,11.69,0.2,37.41,25.6,11.81
0RD00817905,2024-09-19,P0116,S037,C017954,4,10.53,0.1,37.91,21.56,16.35
0RD00503621,2023-07-05,P0072,S045,C049907,4,12.68,0.15,43.11,23.78,19.33
0RD00703121,2023-12-27,P0014,S077,C026812,3,3.88,0.1,10.48,5.99,4.49
0RD00738322,2023-10-09,P0006,S028,C025544,4,3.49,0.0,13.96,7.79,6.17
0RD00733056,2023-12-25,P0165,S035,C023681,4,5.74,0.0,22.96,13.5,9.46
0RD00445377,2023-05-31,P0128,S007,C006923,1,6.27,0.15,5.33,2.77,2.56
0RD00658950,2024-10-22,P0090,S054,C009150,4,5.82,0.0,23.28,12.38,10.9
0RD00947343,2024-08-07,P0055,S078,C021086,1,13.79,0.2,11.03,5.75,5.28
0RD00131511,2023-12-10,P0169,S037,C028115,2,8.03,0.15,13.65,9.04,4.61
0RD00011903,2024-09-22,P0044,S029,C007044,2,14.02,0.0,28.04,14.08,13.96
0RD00144683,2024-06-15,P0018,S014,C044865,1,11.78,0.0,11.78,6.99,4.79
0RD00588677,2023-01-01,P0109,S047,C001840,4,7.14,0.0,28.56,15.71,12.85
0RD00462199,2023-11-17,P0009,S056,C024794,3,4.55,0.2,10.92,7.48,3.44
0RD00942456,2024-12-02,P0187,S034,C039585,1,9.34,0.0,9.34,5.37,3.97
0RD00566619,2023-01-12,P0157,S032,C004773,1,14.08,0.0,14.08,7.9,6.18
0RD00679874,2024-09-06,P0064,S024,C029905,4,14.87,0.0,59.48,32.12,27.36
0RD00165328,2023-12-30,P0139,S055,C046286,1,12.34,0.0,12.34,6.46,5.88
0RD00981883,2023-05-04,P0022,S056,C031174,3,6.35,0.2,15.24,8.77,6.47
0RD00061371,2024-07-01,P0171,S093,C027972,2,5.96,0.0,11.92,5.99,5.93
0RD00337209,2024-09-15,P0117,S087,C017459,5,8.22,0.0,41.1,21.5,19.6
0RD00089141,2023-07-26,P0126,S060,C035719,4,6.66,0.0,26.64,15.49,11.15
0RD00160903,2023-08-17,P0121,S044,C003699,4,8.53,0.0,34.12,21.66,12.46
0RD00435549,2023-01-06,P0182,S067,C012050,5,8.1,0.15,34.42,18.94,15.48
0RD00482761,2023-12-19,P0186,S001,C001778,3,10.18,0.1,27.49,16.07,11.41
0RD00057129,2024-11-05,P0035,S088,C001384,5,14.44,0.15,61.37,33.07,28.3
0RD00246331,2024-08-16,P0029,S068,C024183,1,4.43,0.0,4.43,3.02,1.41
0RD00017025,2024-12-26,P0166,S017,C047215,1,5.92,0.0,5.92,3.15,2.77
0RD00827743,2024-04-24,P0006,S038,C038765,4,11.95,0.0,47.8,30.72,17.08
0RD00249551,2023-07-23,P0190,S090,C035398,5,13.93,0.15,59.2,37.63,21.57
0RD00687972,2024-03-06,P0109,S061,C036379,1,3.55,0.0,3.55,1.97,1.58
0RD00394775,2023-01-17,P0102,S022,C001876,2,4.71,0.0,9.42,6.16,3.26
0RD00956618,2023-05-30,P0173,S100,C038460,4,12.35,0.2,39.52,23.47,16.05
0RD00072305,2024-03-26,P0042,S046,C021094,5,12.24,0.0,61.2,32.61,28.59
0RD00803082,2023-04-11,P0069,S088,C029887,3,3.29,0.0,9.87,5.76,4.11
0RD00788794,2024-11-09,P0008,S089,C046540,2,8.23,0.0,16.46,9.32,7.14
0RD00804442,2024-03-24,P0145,S009,C036951,4,14.47,0.0,57.88,31.64,26.24
0RD00487030,2024-09-25,P0151,S036,C045988,4,13.06,0.0,52.24,28.11,24.13
0RD00519267,2024-09-21,P0033,S070,C038788,1,6.93,0.0,6.93,3.95,2.98
0RD00000629,2023-01-30,P0167,S010,C038581,4,7.09,0.0,28.36,17.33,11.03
0RD00388877,2023-04-30,P0063,S015,C020647,3,6.84,0.0,20.52,11.11,9.41
0RD00477829,2023-03-24,P0133,S014,C030953,1,4.65,0.2,3.72,2.57,1.15
0RD00432201,2023-10-09,P0099,S086,C010608,1,14.84,0.2,11.87,7.25,4.63
0RD00140923,2023-03-16,P0039,S073,C005058,2,3.09,0.1,5.56,3.82,1.74
0RD00152302,2023-09-25,P0169,S017,C002963,3,9.71,0.0,29.13,16.29,12.84
0RD00532812,2023-09-05,P0080,S060,C001103,2,4.64,0.0,9.28,6.48,2.8
0RD00497693,2023-01-19,P0197,S011,C036329,5,12.99,0.0,64.95,36.78,28.17
0RD00662963,2023-12-21,P0082,S040,C046928,2,11.26,0.0,22.52,12.39,10.13
0RD00264159,2023-02-04,P0097,S061,C048316,1,5.16,0.0,5.16,2.8,2.36
0RD00578870,2024-11-26,P0156,S065,C000476,2,5.7,0.15,9.69,4.9,4.79
0RD00214167,2024-05-27,P0075,S033,C045377,3,12.92,0.0,38.76,20.58,18.18
0RD00598501,2024-07-04,P0097,S019,C018061,4,13.42,0.1,48.31,25.73,22.58
0RD00958504,2024-02-28,P0062,S065,C020281,5,10.18,0.0,50.9,34.51,16.39
0RD00903855,2023-08-05,P0071,S083,C038144,5,6.65,0.0,33.25,20.74,12.51
0RD00547939,2023-04-02,P0110,S067,C026309,2,13.45,0.15,22.86,15.92,6.95
0RD00776763,2023-07-26,P0162,S065,C001916,2,8.01,0.0,16.02,10.76,5.26
0RD00979710,2023-12-25,P0098,S053,C009731,4,5.38,0.0,21.52,10.85,10.67
0RD00063442,2023-12-06,P0081,S099,C035053,3,8.3,0.1,22.41,13.45,8.96
0RD00104856,2023-09-20,P0131,S009,C029861,3,3.15,0.2,7.56,4.7,2.86
0RD00080262,2023-01-31,P0018,S044,C028988,5,12.12,0.1,54.54,33.61,20.93
0RD00744745,2023-10-13,P0085,S028,C042367,1,5.52,0.0,5.52,2.95,2.57
0RD00759543,2024-03-28,P0150,S072,C035154,4,5.3,0.0,21.2,12.71,8.49
0RD00164499,2023-04-08,P0064,S035,C008110,3,11.86,0.0,35.58,18.06,17.52
0RD00104535,2024-12-31,P0135,S038,C028853,1,3.25,0.0,3.25,2.16,1.09
0RD00170539,2023-07-26,P0186,S048,C030065,5,3.23,0.0,16.15,9.91,6.24
0RD00768932,2023-10-16,P0116,S099,C039561,5,11.64,0.0,58.2,34.2,24.0
0RD00012764,2023-08-26,P0173,S035,C006346,4,8.64,0.0,34.56,23.16,11.4
0RD00648980,2023-06-23,P0103,S032,C045338,1,6.22,0.2,4.98,3.3,1.67
0RD00610342,2024-09-29,P0173,S050,C006770,5,8.4,0.0,42.0,28.57,13.43
0RD00965395,2023-07-04,P0020,S040,C029908,2,4.94,0.0,9.88,5.94,3.94
0RD00811596,2024-12-12,P0123,S070,C029086,5,12.07,0.0,60.35,39.98,20.37
0RD00864542,2023-07-19,P0169,S061,C043538,4,14.79,0.1,53.24,32.0,21.25
0RD00812117,2024-06-05,P0148,S058,C043595,4,8.4,0.1,30.24,19.26,10.98
0RD00555678,2024-07-12,P0032,S043,C029574,2,9.78,0.0,19.56,12.94,6.62
0RD00473245,2024-02-04,P0108,S078,C001127,1,14.31,0.15,12.16,6.69,5.48
0RD00846439,2023-09-20,P0188,S052,C010731,1,5.08,0.0,5.08,3.44,1.64
0RD00455593,2024-01-02,P0082,S068,C026652,5,4.89,0.0,24.45,14.77,9.68
0RD00935613,2024-12-08,P0151,S024,C016638,5,11.42,0.15,48.53,31.6,16.94
0RD00702256,2024-12-14,P0192,S078,C002384,4,13.17,0.0,52.68,35.91,16.77
0RD00807750,2024-12-27,P0149,S021,C012426,4,9.32,0.0,37.28,20.71,16.57
0RD00058110,2023-08-02,P0125,S059,C016062,4,5.08,0.0,20.32,11.77,8.55
0RD00997336,2023-07-19,P0056,S087,C030123,3,13.17,0.0,39.51,21.9,17.61
0RD00391664,2023-03-12,P0114,S082,C043975,5,4.74,0.1,21.33,13.06,8.27
0RD00667664,2023-08-19,P0054,S051,C029878,1,7.59,0.15,6.45,4.27,2.18
0RD00901299,2024-08-14,P0060,S049,C024703,5,11.94,0.0,59.7,36.27,23.43
0RD00433901,2024-01-29,P0005,S023,C023107,2,10.29,0.1,18.52,9.91,8.61
0RD00021387,2023-08-09,P0163,S046,C017152,4,6.9,0.0,27.6,16.33,11.27
0RD00301291,2023-05-14,P0089,S032,C046521,3,10.44,0.0,31.32,18.57,12.75
0RD00661245,2023-03-04,P0014,S004,C011627,3,6.15,0.0,18.45,12.73,5.72
0RD00169509,2024-07-01,P0108,S051,C043577,1,8.21,0.2,6.57,3.96,2.61
0RD00095483,2024-03-29,P0115,S078,C011013,2,3.38,0.0,6.76,4.44,2.32
0RD00004010,2023-01-15,P0097,S047,C044153,1,8.64,0.0,8.64,5.69,2.95
0RD00895094,2024-09-10,P0013,S002,C010141,3,6.73,0.0,20.19,10.68,9.51
0RD00398409,2024-06-08,P0023,S039,C042205,2,14.94,0.15,25.4,14.0,11.4
0RD00645828,2023-10-18,P0011,S040,C010239,1,14.04,0.0,14.04,8.44,5.6
0RD00669388,2024-06-29,P0084,S006,C024367,4,6.88,0.1,24.77,17.09,7.68
0RD00042181,2024-08-19,P0070,S069,C049055,2,7.29,0.0,14.58,10.06,4.52
0RD00296105,2023-08-04,P0147,S071,C047839,2,3.33,0.2,5.33,2.8,2.53
0RD00009723,2024-12-05,P0069,S072,C010706,4,8.36,0.15,28.42,15.08,13.34
0RD00182800,2024-06-21,P0155,S084,C031750,4,9.98,0.1,35.93,25.06,10.87
0RD00575711,2023-06-17,P0140,S085,C023740,3,6.99,0.0,20.97,11.52,9.45
0RD00120506,2023-11-04,P0102,S078,C039677,1,4.49,0.1,4.04,2.38,1.66
0RD00122579,2024-08-03,P0162,S062,C011041,3,4.99,0.0,14.97,8.29,6.68
0RD00135307,2023-04-08,P0082,S032,C048303,1,13.75,0.0,13.75,8.76,4.99
0RD00152699,2024-01-19,P0019,S083,C024972,4,6.51,0.1,23.44,16.07,7.37
0RD00751351,2024-08-14,P0090,S059,C015043,3,6.2,0.0,18.6,11.39,7.21
0RD00192559,2024-09-13,P0195,S060,C007931,2,6.47,0.15,11.0,6.44,4.56
0RD00175586,2023-08-29,P0068,S009,C007392,5,11.38,0.0,56.9,35.15,21.75
0RD00453490,2023-02-13,P0044,S045,C025133,2,13.77,0.15,23.41,15.68,7.73
0RD00142071,2023-10-19,P0017,S004,C032503,2,9.96,0.0,19.92,13.79,6.13
0RD00534044,2023-02-26,P0034,S089,C003321,2,3.03,0.2,4.85,3.01,1.84
0RD00807518,2024-04-28,P0036,S020,C043785,3,11.07,0.15,28.23,16.42,11.81
0RD00322974,2023-03-28,P0180,S089,C039939,1,9.64,0.0,9.64,5.22,4.42
0RD00928890,2023-02-25,P0133,S023,C031137,5,5.13,0.0,25.65,16.24,9.41
0RD00585865,2024-01-13,P0040,S081,C007497,2,9.43,0.1,16.97,10.7,6.27
0RD00313712,2023-06-21,P0036,S011,C005492,3,6.15,0.1,16.61,10.11,6.49
0RD00705133,2024-07-15,P0153,S054,C016853,3,14.02,0.2,33.65,17.29,16.36
0RD00651560,2023-12-25,P0161,S003,C012912,4,12.55,0.0,50.2,26.55,23.65
0RD00748624,2023-04-07,P0030,S001,C039140,1,11.74,0.0,11.74,6.2,5.54
0RD00763784,2023-04-28,P0183,S072,C029225,2,13.8,0.2,22.08,12.03,10.05
0RD00097830,2023-10-21,P0045,S003,C004406,5,5.99,0.1,26.96,17.23,9.72
0RD00704310,2024-02-01,P0004,S040,C042499,5,7.83,0.0,39.15,23.79,15.36
0RD00303641,2023-04-23,P0067,S075,C005599,2,13.44,0.0,26.88,15.0,11.88
0RD00717477,2023-07-30,P0061,S064,C010762,4,5.67,0.0,22.68,15.57,7.11
0RD00506188,2024-12-13,P0017,S050,C000923,5,5.49,0.15,23.33,16.24,7.09
0RD00434672,2023-05-07,P0116,S086,C037372,1,10.78,0.0,10.78,7.16,3.62
0RD00675966,2024-07-11,P0121,S097,C043575,5,12.2,0.15,51.85,32.34,19.51
0RD00579043,2024-07-01,P0143,S024,C020633,1,13.05,0.0,13.05,6.75,6.3
0RD00271383,2023-04-28,P0141,S095,C018785,1,8.11,0.15,6.89,4.11,2.78
0RD00117245,2023-02-16,P0181,S015,C036896,3,6.9,0.0,20.7,13.45,7.25
0RD00182858,2023-11-11,P0104,S028,C042202,2,14.63,0.2,23.41,12.65,10.76
0RD00068349,2024-10-03,P0062,S088,C029585,3,14.03,0.2,33.67,22.51,11.16
0RD00563754,2024-03-16,P0024,S076,C046239,3,4.48,0.0,13.44,8.29,5.15
0RD00644710,2023-08-07,P0126,S062,C033629,5,11.74,0.2,46.96,27.62,19.34
0RD00308967,2023-05-05,P0127,S050,C039809,2,7.86,0.0,15.72,8.14,7.58
0RD00479265,2024-03-24,P0018,S098,C027258,5,4.09,0.1,18.41,12.14,6.26
0RD00432105,2024-05-30,P0182,S077,C024045,5,4.83,0.15,20.53,14.14,6.39
0RD00018038,2023-10-15,P0035,S018,C031619,1,10.09,0.2,8.07,5.22,2.86
0RD00821845,2024-08-16,P0073,S019,C049830,4,9.2,0.1,33.12,17.58,15.54
0RD00245933,2024-02-11,P0155,S083,C021251,2,13.26,0.0,26.52,14.48,12.04
